[{"__type__":"cc.SpriteFrame","content":{"name":"zd","texture":"55YNuey49LVY71v+FVSxYd","rect":[1,2,46,24],"offset":[-8,2],"originalSize":[64,32],"capInsets":[0,0,0,0]}},[{"__type__":"cc.Prefab","_name":"bullet","data":{"__id__":1}},{"__type__":"cc.Node","_name":"bullet","_components":[{"__type__":"cc.Sprite","node":{"__id__":1},"_materials":[{"__uuid__":"ecpdLyjvZBwrvm+cedCcQy"}],"_spriteFrame":{"__uuid__":"2dngPlG9NOHqEf4Vfkspin"}},{"__type__":"cc.CircleCollider","node":{"__id__":1},"_radius":10}],"_prefab":{"__type__":"cc.PrefabInfo","root":{"__id__":1},"asset":{"__uuid__":"95adJN1cVBQ5ztnZRfC2KZ"},"fileId":"29SoHaKT9E+L7h1N50tZB5"},"_color":{"__type__":"cc.Color","r":255,"g":226,"b":201},"_contentSize":{"__type__":"cc.Size","width":46,"height":24},"_trs":{"__type__":"TypedArray","ctor":"Float64Array","array":[0,0,0,0,0,0,1,2.5,2.5,1]},"_groupIndex":3,"groupIndex":3}]]