{"paths":{"0":["images/4-1",2],"1":["audios/d",1],"2":["audios/jh",1],"3":["audios/js1",1],"4":["images/5-2",2],"5":["audios/js4",1],"6":["images/hs/4-4-2",2],"7":["images/3-3",2],"8":["audios/sl",1],"9":["images/tips",2],"10":["images/2-2",2],"11":["images/4-5",2],"12":["images/1-4",2],"13":["images/daifu/daifu_tex",2],"14":["images/4-3",2],"15":["audios/sj3",1],"16":["images/df/df_tex",2],"17":["images/1-6",2],"18":["images/4-2",2],"19":["images/zd",2],"20":["images/dff",2],"21":["images/4-4",2],"22":["images/ss",2],"23":["images/3-4",2],"24":["images/hs",2],"25":["images/4-6",2],"26":["images/js1/js1_tex",2],"27":["images/1-3",2],"28":["images/5-3",2],"29":["images/1-1",2],"30":["images/js2/js2_tex",2],"31":["images/hs/4-3-2",2],"32":["images/5-4",2],"33":["images/1-2",2],"34":["audios/js",1],"35":["images/head",2],"36":["images/hs/5-2-2",2],"37":["images/3-2",2],"38":["images/bj",2],"39":["images/1-7",2],"40":["images/2-1",2],"41":["images/1-5",2],"42":["audios/js3",1],"43":["images/arr",2],"44":["audios/b",1],"45":["audios/cm",1],"46":["images/5-1",2],"47":["audios/jjj",1],"48":["audios/sb",1],"49":["images/bullet",2],"50":["images/gun",2],"51":["audios/js2",1],"52":["images/3-1",2],"53":["animations/r",0],"54":["images/3-2",3,1],"55":["prefabs/jia",6],"56":["images/zd",3,1],"57":["animations/b",0],"58":["images/3-1",3,1],"59":["animations/pp",0],"60":["images/4-3",3,1],"61":["images/3-3",3,1],"62":["images/4-2",3,1],"63":["images/4-6",3,1],"64":["images/5-4",3,1],"65":["images/dff",3,1],"66":["images/js2/js2_ske",4],"67":["images/js1/js1_tex",5],"68":["prefabs/coin",6],"69":["images/df/df_tex",5],"70":["images/2-1",3,1],"71":["images/js2/js2_tex",3,1],"72":["images/1-3",3,1],"73":["images/4-5",3,1],"74":["images/daifu/daifu_tex",5],"75":["images/df/df_tex",3,1],"76":["animations/tips",0],"77":["images/js2/js2_tex",5],"78":["images/2-2",3,1],"79":["images/bullet",3,1],"80":["images/4-1",3,1],"81":["images/head",3,1],"82":["images/gun",3,1],"83":["prefabs/zombie2",6],"84":["images/js1/js1_ske",4],"85":["images/df/df_ske",4],"86":["prefabs/zombie1",6],"87":["images/1-2",3,1],"88":["images/ss",3,1],"89":["images/daifu/daifu_tex",3,1],"90":["prefabs/bullet",6],"91":["images/js1/js1_tex",3,1],"92":["images/bj",3,1],"93":["images/tips",3,1],"94":["images/hs",3,1],"95":["images/4-4",3,1],"96":["animations/bb",0],"97":["images/1-6",3,1],"98":["images/5-2",3,1],"99":["images/5-3",3,1],"100":["images/hs/5-2-2",3,1],"101":["images/3-4",3,1],"102":["animations/rr",0],"103":["images/arr",3,1],"104":["images/hs/4-3-2",3,1],"105":["prefabs/bj",6],"106":["images/1-5",3,1],"107":["images/5-1",3,1],"108":["images/daifu/daifu_ske",4],"109":["images/1-4",3,1],"110":["images/hs/4-4-2",3,1],"111":["images/1-7",3,1],"112":["images/1-1",3,1]},"types":["cc.AnimationClip","cc.AudioClip","cc.Texture2D","cc.SpriteFrame","dragonBones.DragonBonesAsset","dragonBones.DragonBonesAtlasAsset","cc.Prefab"],"uuids":["01yhObsd5InotBkRNJgcF6","056ry8Q7ZLe7DxP5z5a+Q0","0ezliuCh1OyJEo/jEj/JKV","1diOp/rh9JzrIYK73BlCtV","21D/Rs25lIlqc0aCHTFusD","21WV+xlVtGsoSa7vVVUtxD","28TIRvnrNGhIfevc9nNcUi","28xVk8/xVEIbI8lAp5Wh5t","289lFTY2lFgIeWsiQE43QX","2eeuItqiVLpoCbvXwjPSLj","2f0rBr8vZIRJJBnuE/ktJ7","33+hNAc9dJ5ohzYiS6Mu2C","34zGZjuftC8KkueClir/dN","36csQqm75IMbY0onTBYtPW","3c1zr8lN9FAbhA6lf/kKNW","3dR6PKKsxCH5PqzV832WuV","42eIgrsIxGd51LsJpU8VJU","51ta/FMzhGR495pfM4sLTr","53a7qjn65I/rn7QtVhaZdp","55YNuey49LVY71v+FVSxYd","58qtIhiUNCgJGUi0iYT45X","677MC6b8VP1rVzGR9/53IG","76iGfFDWJGHL8+45j1SFfx","7bfMjIfbVJiqztUmiHWnDL","7cvpqpTrRBY4utBXw70yge","7d3fYib4tGHobAWK6qpGqC","7f82BWMk5Fp53t3G75AwyN","81VY0fNfVE5JDOZ9G7tkmJ","83DeeJ+gJN35KQWaxC/+CV","83mrtxUFJCJ4KmfovKMG0a","831sErM1hOhqbrY1+3pCTq","8eJLICymdAv6ewMhGhFPns","96tCwOS2dP95F1WN1Mz8vm","99sjuPLK1Gg50VJCscNbcj","a2F7tq7UJOnK2ow/dNLdHp","a7ho4tH0VNx5gGmYSUxI75","a8JeQEictENpVfu+ry3AwA","b0m58Q3QBDPolu1otXyBew","b1bJi63z5LhbaFL69TsgyH","b300YpA85JHbjBW4i7yvV2","b6xNECG/5E07HRlaArGgcf","bax1tVMHRHAIWbHuIAKITL","bcqnsBWBZHupl3UZP5vAP+","c5LjBAxXxAc5sqvS63L/mt","ccR+daVCVL7YSR9oRpk5qo","cf8MkKujFB8rrX+QXb1Q/h","dczuDwYhlFKaDcKsjz9LJk","e0nTZX18RMroDCRIGE0qff","e68o6JQKhLwaGNILIQD8I3","f0Xi9BGcRIRZi7YNquFLjy","f8qfjdtlZEOZwUOjkUKnNC","fdCDLdxrBMdJQaqQJihGYU","fe5nHnanVDgJm/3L6QFkyU","00D8CfEmZJvZ41Z1wuKVkQ","17OnaGIP9MF7EBgaSm2uor","2bWDkoxRNBdJfc5qLKt2rU","2dngPlG9NOHqEf4Vfkspin","35/WJ4m/VN6q0u2HLMill0","370YruwaNCUJmcDCL/L22i","44EDLoQfZFzIzRbRXaxwhO","44Mw70OfdPWprdbfKQy0th","468SovrMBHDKrRmfO1RKow","4atX42sPpBjps4pIDoFFNk","4bT+8iRgdCiZpnNk1IO5co","4daoOHsk5GHb88/6LxA/Qj","51dN6edCZEALxSN3w4893T","54yXtrZK1FKa5PCE9VJBHc","5aSRklLhZH+Lbpz+8tkVfH","5cV24RX5lBr4drusmGHL/g","5ca7JnXWtDeJ6vg7jrd+KB","67pH9p0aZAkLps3reIrtdG","68olzxzBtHyKiG+5lkrTpf","684f1efWpD4Y6tOGqa7m13","69n2/7hkxCSbelGF0wVBWl","6bmjzeg5dGSK5iBS9zNFWB","78lxRASThMvI01IKuL6rau","79FHIH06FEOYCbKgW25TK5","7e7aU0kBlEt42RfATiNthU","80tCQ2IpBFcL/0VFGpuGIT","81V+4PuIxLNL56BCEo4SSS","83DElqfmlO47q+To2STiFq","85Ha7XrEZBZKHK9cIHUoOh","85N+lqwzdPz62XF/LY2HSb","88MUt0A5dLX4qrIgYrwfoy","8bR9T7G6FBtJxEGfp4xTwy","8brxvoV+JJ9bF79cdsnJp2","8c/lIIzzhDraiGd05t5JLq","8enojD9wJNiqENsPDbPYGm","90K7PqnelF7JXfegQDfNp2","91Q14wWPtMlY0CcqfYuITs","95adJN1cVBQ5ztnZRfC2KZ","9ajXME6cRKuKsEyrt0rm1H","9fXkOQ+jFH3qHs5koGI3Iu","a5FwmFGNxLSIGf1Sct8Q3l","acWcjxjVxBQYlme9unQEGM","aeyBoH84dI86QUD0F1X2uP","b2lIF4gftK+KWqSPIvxZrn","b38OS34BVAkobdVeojiRLO","cacB9fMV1Op6YKacl6DyLH","cetZLaMLxP57a0stB/RdQi","d3Pt8V5flNNLS5tZ/I+uaX","d7wBPNz5VCRIHOcJ2Lx7SN","d9lOiKZb9PQZ2M0uVotFKN","de/lJGffxFILN31m/JQIXg","e2pzBM9rhDKo/lQQ0FvVmy","e6HD9LQlRHwIIBNbCWBzSg","eaCfie9ShLQr2LWAKZPu9k","edGTUoqepFcLW85ZLbc0WB","eeyOdzbS1AfZIXybxJ3Zgx","f1tyYmwzhJhrGJkS7d7jDm","f7RVDZXyFLAJGaXMfM6Qbi","f9TQk6y7dFNLoI9fqCfxYY","ffDUs/ni5GqZ9lh8ltGtNZ","ecpdLyjvZBwrvm+cedCcQy"],"scenes":{},"redirect":[113,0],"deps":["internal"],"packs":{"05cbcad48":[5,66,83],"06223c21e":[92,105],"08c1e9b18":[56,90],"0b6c754b5":[68,104],"0c26f48f5":[3,84,86],"0c3e6a4c9":[0,4,6,7,9,10,11,12,13,14,16,17,18,19,20,21,22,23,24,25,26,27,28,29,30,31,32,33,35,36,37,38,39,40,41,43,46,49,50,52],"0ef13b08e":[97,111]},"name":"resources","importBase":"import","nativeBase":"native","debug":false,"isZip":false,"encrypted":true,"versions":{"import":[53,"efb31","05cbcad48","3e240",1,"2d0a7","06223c21e","80db4","08c1e9b18","38029","0b6c754b5","c4a4c","0c26f48f5","6ff76","0c3e6a4c9","90ecd",2,"f497b","0ef13b08e","4162f",54,"ef7a5",8,"c077d",55,"5a64e",57,"1ebff",58,"edc20",15,"97d1b",59,"d7375",60,"8f081",61,"171bf",62,"c8a17",63,"66c23",64,"f19fe",65,"6bc20",67,"adf31",69,"82a2b",70,"76b3c",71,"8f594",72,"2a176",73,"174fc",74,"1dda8",75,"ed8ba",76,"d0654",77,"76d2a",78,"b9808",79,"b4c4f",80,"97375",81,"8a2ab",82,"f0d76",85,"ac403",87,"8e87d",88,"45ca9",89,"fd6c4",91,"d5400",34,"4a263",93,"b5cb3",94,"35dd8",95,"be9ee",96,"7e47a",42,"8d842",98,"c636f",44,"a7bfd",99,"cad11",45,"aa3e1",100,"204ad",101,"8fdab",102,"815a9",103,"0ecb5",47,"91a16",48,"5e269",106,"4369d",107,"39626",108,"cb344",109,"afcfa",110,"edc60",51,"d1099",112,"1cb62"],"native":[0,"be90d",1,"e96d1",2,"20b49",3,"3ee79",4,"1e6d9",5,"6a0c6",6,"89951",7,"d3335",8,"21b98",9,"8bb00",10,"c358d",11,"43353",12,"035ea",13,"7c618",14,"0a136",15,"3d095",16,"c50e6",17,"00395",18,"16608",19,"04efd",20,"f3d8d",21,"8a625",22,"7094b",23,"632c6",24,"e4e69",25,"c71a4",26,"44a89",27,"3a94f",28,"f6a56",29,"c5a95",30,"63ea4",31,"68cb2",32,"8159a",33,"d8c4b",34,"045b8",35,"7e1ff",36,"d5e9a",37,"c019e",38,"eda12",39,"e3da6",40,"a312c",41,"13272",42,"cbee5",43,"72d5b",44,"fc678",45,"c07c5",46,"348fd",47,"8ce89",48,"05d43",49,"686cd",50,"dc7a2",51,"77799",52,"e45ee"]}}