{"__type__":"dragonBones.DragonBonesAtlasAsset","_name":"js2_tex","_atlasJson":"{\"width\":512,\"SubTexture\":[{\"width\":80,\"y\":165,\"height\":201,\"name\":\"2/手2\",\"x\":241},{\"width\":105,\"y\":1,\"height\":162,\"name\":\"2/腿2\",\"x\":177},{\"width\":115,\"y\":192,\"height\":166,\"name\":\"2/身体\",\"x\":124},{\"width\":121,\"y\":192,\"height\":179,\"name\":\"2/腿\",\"x\":1},{\"width\":61,\"y\":165,\"height\":209,\"name\":\"2/手\",\"x\":323},{\"width\":174,\"y\":1,\"height\":189,\"name\":\"2/头\",\"x\":1}],\"height\":512,\"name\":\"js2\",\"imagePath\":\"js2_tex.png\"}","_texture":{"__uuid__":"831sErM1hOhqbrY1+3pCTq"},"texture":{"__uuid__":"831sErM1hOhqbrY1+3pCTq"}}