[{"__type__":"cc.SpriteFrame","content":{"name":"bj","texture":"b1bJi63z5LhbaFL69TsgyH","rect":[0,0,75,36],"offset":[0,0],"originalSize":[75,36],"capInsets":[0,0,0,0]}},[{"__type__":"cc.Prefab","_name":"bj","data":{"__id__":1}},{"__type__":"cc.Node","_name":"bj","_components":[{"__type__":"cc.Sprite","node":{"__id__":1},"_materials":[{"__uuid__":"ecpdLyjvZBwrvm+cedCcQy"}],"_spriteFrame":{"__uuid__":"9fXkOQ+jFH3qHs5koGI3Iu"}}],"_prefab":{"__type__":"cc.PrefabInfo","root":{"__id__":1},"asset":{"__id__":0},"fileId":"e7rWYTPPJLQ7S2/fAaGj3v"},"_contentSize":{"__type__":"cc.Size","width":75,"height":36},"_trs":{"__type__":"TypedArray","ctor":"Float64Array","array":[0,0,0,0,0,0,1,1,1,1]}}]]