{"__type__":"dragonBones.DragonBonesAsset","_name":"df_ske","_dragonBonesJson":"{\"frameRate\":24,\"isGlobal\":0,\"armature\":[{\"aabb\":{\"width\":279.5464447390641,\"y\":-430.19392775663414,\"height\":433.4674835454041,\"x\":-99.39861111111122},\"type\":\"Armature\",\"frameRate\":24,\"animation\":[{\"ffd\":[],\"playTimes\":0,\"duration\":24,\"ik\":[{\"frame\":[{\"bendPositive\":true,\"tweenEasing\":null,\"weight\":1,\"duration\":24},{\"bendPositive\":true,\"tweenEasing\":null,\"weight\":1,\"duration\":0}],\"offset\":0,\"name\":\"bone_ik1\",\"scale\":1},{\"frame\":[{\"bendPositive\":true,\"tweenEasing\":null,\"weight\":1,\"duration\":24},{\"bendPositive\":true,\"tweenEasing\":null,\"weight\":1,\"duration\":0}],\"offset\":0,\"name\":\"bone_ik\",\"scale\":1}],\"frame\":[],\"bone\":[{\"rotateFrame\":[],\"scaleFrame\":[],\"name\":\"root\",\"translateFrame\":[]},{\"rotateFrame\":[{\"duration\":24},{\"duration\":0}],\"scaleFrame\":[{\"duration\":24},{\"duration\":0}],\"name\":\"bone_ikTarget\",\"translateFrame\":[{\"y\":-1.7706,\"tweenEasing\":0,\"duration\":24,\"x\":-5.5574},{\"y\":-1.7706,\"duration\":0,\"x\":-5.5574}]},{\"rotateFrame\":[{\"tweenEasing\":0,\"duration\":24},{\"duration\":0}],\"scaleFrame\":[{\"tweenEasing\":0,\"duration\":24},{\"duration\":0}],\"name\":\"身体\",\"translateFrame\":[{\"tweenEasing\":0,\"duration\":12},{\"y\":3.2418,\"tweenEasing\":0,\"duration\":12},{\"duration\":0}]},{\"rotateFrame\":[{\"duration\":24},{\"duration\":0}],\"scaleFrame\":[{\"duration\":24},{\"duration\":0}],\"name\":\"bone_ikTarget1\",\"translateFrame\":[{\"tweenEasing\":0,\"duration\":24,\"x\":6.391},{\"duration\":0,\"x\":6.391}]},{\"rotateFrame\":[],\"scaleFrame\":[],\"name\":\"bone_ikTarget2\",\"translateFrame\":[]},{\"rotateFrame\":[],\"scaleFrame\":[],\"name\":\"bone_ikTarget3\",\"translateFrame\":[]},{\"rotateFrame\":[],\"scaleFrame\":[],\"name\":\"bone\",\"translateFrame\":[]},{\"rotateFrame\":[],\"scaleFrame\":[],\"name\":\"bone1\",\"translateFrame\":[]},{\"rotateFrame\":[],\"scaleFrame\":[],\"name\":\"脚21\",\"translateFrame\":[]},{\"rotateFrame\":[],\"scaleFrame\":[],\"name\":\"脚\",\"translateFrame\":[]},{\"rotateFrame\":[],\"scaleFrame\":[],\"name\":\"脚1\",\"translateFrame\":[]},{\"rotateFrame\":[],\"scaleFrame\":[],\"name\":\"脚22\",\"translateFrame\":[]},{\"rotateFrame\":[],\"scaleFrame\":[],\"name\":\"脚23\",\"translateFrame\":[]},{\"rotateFrame\":[],\"scaleFrame\":[],\"name\":\"脚2\",\"translateFrame\":[]},{\"rotateFrame\":[{\"tweenEasing\":0,\"duration\":24},{\"duration\":0}],\"scaleFrame\":[{\"tweenEasing\":0,\"duration\":24},{\"duration\":0}],\"name\":\"图层_2\",\"translateFrame\":[{\"tweenEasing\":0,\"duration\":12},{\"y\":-0.179,\"tweenEasing\":0,\"duration\":12,\"x\":-1.6627},{\"duration\":0}]},{\"rotateFrame\":[],\"scaleFrame\":[],\"name\":\"头\",\"translateFrame\":[]},{\"rotateFrame\":[],\"scaleFrame\":[],\"name\":\"bone_ikTarget4\",\"translateFrame\":[]},{\"rotateFrame\":[],\"scaleFrame\":[],\"name\":\"bone_ikTarget5\",\"translateFrame\":[]}],\"slot\":[{\"colorFrame\":[],\"displayFrame\":[],\"name\":\"脚2\"},{\"colorFrame\":[],\"displayFrame\":[],\"name\":\"脚\"},{\"colorFrame\":[],\"displayFrame\":[],\"name\":\"身体\"},{\"colorFrame\":[{\"color\":{\"aM\":0},\"duration\":24}],\"displayFrame\":[],\"name\":\"头\"},{\"colorFrame\":[{\"color\":{\"aM\":0},\"duration\":24}],\"displayFrame\":[],\"name\":\"图层_2\"}],\"name\":\"daiji\"},{\"ffd\":[],\"playTimes\":0,\"duration\":24,\"ik\":[],\"frame\":[],\"bone\":[{\"rotateFrame\":[],\"scaleFrame\":[],\"name\":\"root\",\"translateFrame\":[]},{\"rotateFrame\":[],\"scaleFrame\":[],\"name\":\"bone_ikTarget\",\"translateFrame\":[{\"y\":-21.4774,\"tweenEasing\":0,\"duration\":12,\"x\":-57.6949},{\"y\":-15.5474,\"tweenEasing\":0,\"duration\":12,\"x\":95.8558},{\"y\":-21.4774,\"duration\":0,\"x\":-57.6949}]},{\"rotateFrame\":[],\"scaleFrame\":[],\"name\":\"bone_ikTarget1\",\"translateFrame\":[{\"y\":-1.7034,\"tweenEasing\":0,\"duration\":12,\"x\":73.0664},{\"y\":-31.2782,\"tweenEasing\":0,\"duration\":12,\"x\":-65.8114},{\"y\":-0.135,\"duration\":0,\"x\":65.3569}]},{\"rotateFrame\":[],\"scaleFrame\":[],\"name\":\"身体\",\"translateFrame\":[{\"y\":2.2078,\"tweenEasing\":0,\"duration\":6,\"x\":-2.5984},{\"y\":6.2838,\"tweenEasing\":0,\"duration\":12,\"x\":-2.5984},{\"y\":-1.8681,\"tweenEasing\":0,\"duration\":6,\"x\":-2.5984},{\"y\":2.2078,\"duration\":0,\"x\":-2.5984}]},{\"rotateFrame\":[],\"scaleFrame\":[],\"name\":\"bone_ikTarget4\",\"translateFrame\":[]},{\"rotateFrame\":[],\"scaleFrame\":[],\"name\":\"bone_ikTarget5\",\"translateFrame\":[]},{\"rotateFrame\":[],\"scaleFrame\":[],\"name\":\"bone1\",\"translateFrame\":[]},{\"rotateFrame\":[],\"scaleFrame\":[],\"name\":\"头\",\"translateFrame\":[]},{\"rotateFrame\":[],\"scaleFrame\":[],\"name\":\"bone_ikTarget3\",\"translateFrame\":[{\"y\":-24.4234,\"tweenEasing\":0,\"duration\":12,\"x\":4.4096},{\"y\":36.0657,\"tweenEasing\":0,\"duration\":12,\"x\":-19.9506},{\"y\":-24.4234,\"duration\":0,\"x\":4.4096}]},{\"rotateFrame\":[],\"scaleFrame\":[],\"name\":\"图层_2\",\"translateFrame\":[]},{\"rotateFrame\":[],\"scaleFrame\":[],\"name\":\"bone_ikTarget2\",\"translateFrame\":[{\"y\":34.0396,\"tweenEasing\":0,\"duration\":12,\"x\":-19.9214},{\"y\":-23.3664,\"tweenEasing\":0,\"duration\":12,\"x\":-1.6431},{\"y\":34.0396,\"duration\":0,\"x\":-19.9214}]},{\"rotateFrame\":[],\"scaleFrame\":[],\"name\":\"bone\",\"translateFrame\":[]},{\"rotateFrame\":[],\"scaleFrame\":[],\"name\":\"脚21\",\"translateFrame\":[]},{\"rotateFrame\":[{\"tweenEasing\":0,\"duration\":24,\"rotate\":2.009},{\"duration\":0,\"rotate\":2.009}],\"scaleFrame\":[{\"tweenEasing\":0,\"duration\":24},{\"duration\":0}],\"name\":\"脚\",\"translateFrame\":[{\"tweenEasing\":0,\"duration\":12},{\"y\":1.7134,\"tweenEasing\":0,\"duration\":12,\"x\":2.0389},{\"duration\":0}]},{\"rotateFrame\":[],\"scaleFrame\":[],\"name\":\"脚1\",\"translateFrame\":[]},{\"rotateFrame\":[],\"scaleFrame\":[],\"name\":\"脚22\",\"translateFrame\":[]},{\"rotateFrame\":[],\"scaleFrame\":[],\"name\":\"脚23\",\"translateFrame\":[{\"duration\":12},{\"y\":0.6033,\"duration\":12,\"x\":-0.9016}]},{\"rotateFrame\":[],\"scaleFrame\":[],\"name\":\"脚2\",\"translateFrame\":[]}],\"slot\":[{\"colorFrame\":[],\"displayFrame\":[],\"name\":\"脚2\"},{\"colorFrame\":[],\"displayFrame\":[],\"name\":\"脚\"},{\"colorFrame\":[],\"displayFrame\":[],\"name\":\"身体\"},{\"colorFrame\":[{\"color\":{\"aM\":0},\"duration\":24}],\"displayFrame\":[],\"name\":\"头\"},{\"colorFrame\":[{\"color\":{\"aM\":0},\"duration\":24}],\"displayFrame\":[],\"name\":\"图层_2\"}],\"name\":\"zou\"}],\"slot\":[{\"name\":\"脚2\",\"parent\":\"脚23\",\"color\":{}},{\"z\":1,\"name\":\"脚\",\"parent\":\"脚2\",\"color\":{}},{\"z\":2,\"name\":\"身体\",\"parent\":\"身体\",\"color\":{}},{\"z\":3,\"name\":\"头\",\"parent\":\"头\",\"color\":{}},{\"z\":4,\"name\":\"图层_2\",\"parent\":\"图层_2\",\"color\":{}}],\"bone\":[{\"name\":\"root\",\"transform\":{}},{\"transform\":{\"y\":-25.7308,\"x\":-40.8733},\"name\":\"bone_ikTarget\",\"parent\":\"root\"},{\"transform\":{\"y\":-32.2289,\"x\":-3.205},\"name\":\"bone_ikTarget1\",\"parent\":\"root\"},{\"length\":140,\"transform\":{\"skX\":-96.1438,\"y\":-191.25,\"skY\":-96.1438,\"x\":5.15},\"parent\":\"root\",\"name\":\"身体\"},{\"transform\":{\"y\":-380.117,\"x\":56.4899},\"name\":\"bone_ikTarget4\",\"parent\":\"root\"},{\"transform\":{\"y\":-255.9644,\"x\":208.7078},\"name\":\"bone_ikTarget5\",\"parent\":\"root\"},{\"transform\":{\"skX\":96.1438,\"y\":-28.7139,\"skY\":96.1438,\"x\":14.959},\"name\":\"bone1\",\"parent\":\"身体\"},{\"length\":39,\"transform\":{\"skX\":78.1847,\"y\":-4.1474,\"skY\":78.1847,\"x\":158.3265},\"parent\":\"身体\",\"name\":\"头\"},{\"transform\":{\"y\":8.5234,\"x\":57.3056},\"name\":\"bone_ikTarget3\",\"parent\":\"bone_ikTarget1\"},{\"length\":146,\"transform\":{\"skX\":88.5995,\"y\":10.4435,\"skY\":88.5995,\"x\":46.0971},\"parent\":\"身体\",\"name\":\"图层_2\"},{\"transform\":{\"y\":8.571,\"x\":49.2551},\"name\":\"bone_ikTarget2\",\"parent\":\"bone_ikTarget\"},{\"transform\":{\"y\":15.2641,\"x\":13.7956},\"name\":\"bone\",\"parent\":\"身体\"},{\"length\":87,\"transform\":{\"skX\":-168.5044,\"y\":-0.2165,\"skY\":-168.5044,\"x\":-14.1581},\"parent\":\"bone\",\"name\":\"脚21\"},{\"length\":94,\"transform\":{\"skX\":96.66,\"y\":14.4,\"skY\":96.66,\"x\":3.15},\"parent\":\"bone1\",\"name\":\"脚\"},{\"length\":69,\"transform\":{\"skX\":7.8748,\"skY\":7.8748,\"x\":94.9108},\"parent\":\"脚\",\"name\":\"脚1\"},{\"length\":74,\"transform\":{\"skX\":6.5054,\"y\":-0.0793,\"skY\":6.5054,\"x\":88.2272},\"parent\":\"脚21\",\"name\":\"脚22\"},{\"length\":58,\"transform\":{\"skX\":-94.3333,\"skY\":-94.3333,\"x\":74.9492},\"parent\":\"脚22\",\"name\":\"脚23\"},{\"length\":48,\"transform\":{\"skX\":-85.6842,\"y\":-0.4359,\"skY\":-85.6842,\"x\":68.9515},\"parent\":\"脚1\",\"name\":\"脚2\"}],\"defaultActions\":[{\"gotoAndPlay\":\"daiji\"}],\"ik\":[{\"bone\":\"图层_2\",\"name\":\"bone_ik5\",\"target\":\"bone_ikTarget5\"},{\"bone\":\"头\",\"name\":\"bone_ik4\",\"target\":\"bone_ikTarget4\"},{\"bone\":\"脚22\",\"chain\":1,\"name\":\"bone_ik1\",\"target\":\"bone_ikTarget1\"},{\"bone\":\"脚1\",\"chain\":1,\"name\":\"bone_ik\",\"target\":\"bone_ikTarget\"},{\"bone\":\"脚23\",\"name\":\"bone_ik3\",\"target\":\"bone_ikTarget3\"},{\"bone\":\"脚2\",\"name\":\"bone_ik2\",\"target\":\"bone_ikTarget2\"}],\"name\":\"Armature\",\"skin\":[{\"slot\":[{\"display\":[{\"weights\":[1,7,1,1,7,1,1,7,1,1,7,1,1,7,1,1,7,1,1,7,1,1,7,1,1,7,1,1,7,1,1,7,1,1,7,1,1,7,1,1,7,1,1,7,1,1,7,1,1,7,1,1,7,1,1,7,1,1,7,1,1,7,1,1,7,1,1,7,1,1,7,1,1,7,1,1,7,1,1,7,1,1,7,1,1,7,1,1,7,1,1,7,1,1,7,1,1,7,1],\"triangles\":[24,25,23,12,10,11,26,22,25,13,10,12,13,9,10,7,9,13,15,16,14,16,13,14,7,8,9,17,7,13,16,17,13,6,7,17,5,6,17,19,17,18,20,21,17,20,17,19,21,5,17,0,1,5,22,28,21,28,29,21,29,0,21,0,5,21,26,28,22,27,28,26,31,0,29,31,32,0,30,31,29,1,4,5,3,4,1,2,3,1,25,22,23],\"vertices\":[-51.65,-3.15,-50.65,2.65,-54.2,3.75,-54.55,8.6,-50.2,14.75,-40.05,19.4,-34.55,34.25,-10.55,50.35,-3.6,55.5,24.95,55.5,43.65,41,49.9,30.55,47.35,22.15,39.75,14.75,42.35,9.25,42,4.1,33.95,2,24.6,-3.15,28,-8,26.7,-13.95,21.85,-21.85,8.5,-25.4,7.85,-33.95,58.5,-48.95,58.5,-55.5,45.1,-55.4,4.5,-44.1,-1.35,-52.15,-11.5,-55.4,-37.75,-52,-55.95,-38.95,-58.5,-27.35,-58.5,-15.4],\"userEdges\":[],\"path\":\"df/头\",\"bonePose\":[7,0.8805931251013919,-0.4738731349466484,0.4738731349466484,0.8805931251013919,-15.550000000000004,-346],\"uvs\":[0.05855,0.47162,0.06709,0.52387,0.03675,0.53378,0.03376,0.57748,0.07094,0.63288,0.15769,0.67477,0.2047,0.80856,0.40983,0.9536,0.46923,1,0.71325,1,0.87308,0.86937,0.9265,0.77523,0.9047,0.69955,0.83974,0.63288,0.86197,0.58333,0.85897,0.53694,0.79017,0.51802,0.71026,0.47162,0.73932,0.42793,0.72821,0.37432,0.68675,0.30315,0.57265,0.27117,0.56709,0.19414,1,0.05901,1,0,0.88547,0.0009,0.53846,0.1027,0.48846,0.03018,0.40171,0.0009,0.17735,0.03153,0.02179,0.1491,0,0.2536,0,0.36126],\"slotPose\":[1,0,0,1,3.5000000000000204,-368.5],\"type\":\"mesh\",\"transform\":{\"skX\":28.286,\"y\":-10.7861,\"skY\":28.286,\"x\":27.4374},\"edges\":[0,1,1,2,2,3,3,4,4,5,5,6,6,7,7,8,8,9,9,10,10,11,11,12,12,13,13,14,14,15,15,16,16,17,17,18,18,19,19,20,20,21,21,22,22,23,23,24,24,25,25,26,26,27,27,28,28,29,29,30,30,31,31,32,32,0],\"width\":117,\"height\":111,\"name\":\"df/头\"}],\"name\":\"头\"},{\"display\":[{\"width\":176,\"triangles\":[9,11,10,12,11,9,8,12,9,6,12,8,6,4,12,7,6,8,4,22,12,13,15,14,22,16,12,16,15,12,12,15,13,24,22,4,28,24,4,5,4,6,30,28,4,3,2,4,2,30,4,29,28,30,21,17,16,22,21,16,1,0,2,0,32,2,32,30,2,27,24,28,24,23,22,21,20,18,33,32,34,35,34,0,34,32,0,21,18,17,31,30,32,20,19,18,27,25,24,26,25,27],\"type\":\"mesh\",\"vertices\":[-12.65,-107.35,28,-71.4,28.5,-58.9,33.8,-54.1,36.15,-47.4,40.8,-46.9,55.45,-39.6,75.75,-24.95,83.6,-11.45,93.75,10.55,99.9,18.5,86.95,41.5,70.8,49.85,72.1,77.65,76.1,89.8,55.6,93.45,17.65,89.5,-15.65,99.9,-41.65,99.9,-62.8,96.95,-57.45,80.5,-54.45,59.35,-52.8,43,-62.15,31.5,-64.95,19.35,-75.6,12.55,-75.6,1.55,-72.8,-0.8,-60.65,-32.45,-49.5,-49.9,-36.15,-59.25,-40.15,-72.4,-34.3,-72.55,-35.3,-76.9,-31.35,-87.4,-18.9,-101.65],\"transform\":{\"skX\":96.1438,\"y\":-8.0361,\"skY\":96.1438,\"x\":79.9694},\"edges\":[0,1,1,2,2,3,3,4,4,5,5,6,6,7,7,8,8,9,9,10,10,11,11,12,12,13,13,14,14,15,15,16,16,17,17,18,18,19,19,20,20,21,21,22,22,23,23,24,24,25,25,26,26,27,27,28,28,29,29,30,30,31,31,32,32,33,33,34,34,35,35,0],\"userEdges\":[],\"path\":\"df/身体\",\"height\":194,\"uvs\":[0.33409,0.00876,0.58864,0.11701,0.59148,0.18144,0.62159,0.20619,0.63494,0.24072,0.66136,0.2433,0.7446,0.28093,0.85994,0.35644,0.90455,0.42603,0.96222,0.53943,0.99716,0.58041,0.92358,0.69897,0.83182,0.74201,0.8392,0.88531,0.86193,0.94794,0.74545,0.96675,0.52983,0.94639,0.34063,1,0.1929,1,0.07273,0.98479,0.10313,0.9,0.12017,0.79098,0.12955,0.7067,0.07642,0.64742,0.06051,0.58479,0,0.54974,0,0.49304,0.01591,0.48093,0.08494,0.31778,0.1483,0.22784,0.22415,0.17964,0.20142,0.11186,0.23466,0.11108,0.22898,0.08866,0.25142,0.03454,0.29233,0.00799],\"name\":\"df/身体\"}],\"name\":\"身体\"},{\"display\":[{\"weights\":[1,6,1,1,6,1,1,6,1,3,14,0.455987775037955,13,0.49400373712256984,17,0.05000848783947523,3,14,0.517234215918085,13,0.4227768496782465,17,0.05998893440366835,3,14,0.6301173507614799,17,0.11880624244863382,13,0.2510764067898864,3,14,0.5612196477934163,17,0.30450238567843524,13,0.13427796652814847,3,14,0.4963095212629424,17,0.43353231125751446,13,0.07015816747954316,3,14,0.47385815437421164,17,0.4596437330077333,13,0.06649811261805501,3,14,0.4805104869256295,17,0.4677509372920455,13,0.05173857578232506,3,14,0.48664517371698457,17,0.4757315913054578,13,0.03762323497755761,3,14,0.48258673019337817,17,0.48083691900421777,13,0.03657635080240402,3,17,0.8580567702824492,14,0.11769739724823093,13,0.024245832469319713,3,17,0.952670033942859,14,0.03555414748577502,13,0.011775818571365953,3,17,0.9442190789338738,14,0.03994446257364588,13,0.01583645849248036,3,17,0.9161318759424761,14,0.05705956347965829,13,0.0268085605778657,2,17,0.78,14,0.22,3,17,0.1,14,0.89,13,0.01,1,14,1,3,14,0.5366303558185762,17,0.08782722351944706,13,0.3755424206619767,3,14,0.48941198271166153,17,0.05066110994114374,13,0.45992690734719466,1,13,1,1,13,1,1,6,1,3,13,0.7128453996719017,14,0.23358205322886846,17,0.05357254709922981,3,13,0.6198905119617361,14,0.3282570593086026,17,0.051852428729661386,2,13,0.9400000000000001,14,0.06,2,13,0.88,14,0.12,2,13,0.08,14,0.92,1,6,1,2,13,0.48,6,0.52,2,13,0.51,6,0.49],\"triangles\":[23,0,31,1,21,22,31,0,22,0,1,22,16,12,13,1,30,21,30,24,21,13,14,15,16,13,15,24,26,21,24,25,26,17,12,16,25,27,26,29,30,1,17,11,12,3,20,27,25,3,27,3,4,20,4,19,20,5,18,28,7,11,17,5,28,19,4,5,19,18,7,17,2,29,1,5,6,18,6,7,18,7,10,11,7,8,10,8,9,10],\"vertices\":[38.3,-95.2,18.63,-125.84,-21.36,-123.53,-32.27,-10.76,-31.19,1.55,-34.35,18.3,-36.87,39.24,-38.85,53.75,-44.5,61.6,-44.5,76.95,-36.15,84.65,-23.55,93.65,17.5,95.5,34.15,92.05,40.65,87.95,41.45,74,22.4,57.9,17.7,55.55,16.9,47.5,19.05,20.05,27.56,8.38,39.45,-43.75,44.5,-80.45,44.5,-91.85,-35.4,-55.09,-33.65,-24.99,30.58,-19.07,24.81,-3.01,18.24,30.38,-28.35,-94.18,-31.6,-79.47,44.5,-87.19],\"userEdges\":[],\"path\":\"df/脚\",\"bonePose\":[13,-0.1132642907792303,0.9935648949284983,-0.9935648949284983,-0.1132642907792303,-21.850000000000005,-188.65,14,-0.2483230951484513,0.9686772632904589,-0.9686772632904589,-0.2483230951484513,-32.600000000000044,-94.35000000000002,17,0.9556213175522631,0.2945978571539114,-0.2945978571539114,0.9556213175522631,-49.300000000000075,-27.450000000000017,6,1,1.687538997430238e-14,-1.687538997430238e-14,1,-25.000000000000007,-203.05000000000004],\"uvs\":[0.93034,0.00157,0.63708,0.02304,0.19382,0.08953,0.24888,0.4589,0.23989,0.51832,0.2,0.60471,0.09438,0.7034,0.06348,0.78141,0,0.82251,0,0.90288,0.09382,0.94319,0.23539,0.99031,0.69663,1,0.88371,0.98194,0.95674,0.96047,0.96573,0.88743,0.75169,0.80314,0.69888,0.79084,0.68989,0.74869,0.71404,0.60497,0.72528,0.55366,0.94326,0.27094,1,0.0788,1,0.01911,0.21937,0.26095,0.23422,0.36056,0.84362,0.40018,0.77879,0.48427,0.70495,0.65907,0.20048,0.13418,0.20729,0.17993,1,0.04378],\"slotPose\":[1.0000000000000007,0,-5.551115123125783e-17,1,-32.50000000000005,-95.5],\"type\":\"mesh\",\"transform\":{\"skX\":-27.0436,\"y\":-60.8288,\"skY\":-27.0436,\"x\":-6.2197},\"edges\":[0,1,1,2,3,4,5,6,6,7,7,8,8,9,9,10,10,11,11,12,12,13,13,14,14,15,15,16,16,17,17,18,19,20,21,22,23,0,24,25,25,3,26,21,20,27,27,26,18,28,28,19,4,5,2,29,29,30,30,24,22,31,31,23],\"width\":89,\"height\":191,\"name\":\"df/脚\"}],\"name\":\"脚\"},{\"display\":[{\"weights\":[1,9,1,1,9,1,1,9,1,1,9,1,1,9,1,1,9,1,1,9,1,1,9,1,1,9,1,1,9,1,1,9,1,1,9,1,1,9,1,1,9,1,1,9,1,1,9,1,1,9,1,1,9,1,1,9,1,1,9,1,1,9,1,1,9,1,1,9,1,1,9,1,1,9,1,1,9,1,1,9,1,1,9,1,1,9,1,1,9,1,1,9,1,1,9,1,1,9,1,1,9,1,1,9,1,1,9,1,1,9,1,1,9,1,1,9,1,1,9,1,1,9,1,1,9,1,1,9,1,1,9,1,1,9,1,1,9,1,1,9,1,1,9,1,1,9,1,1,9,1,1,9,1,1,9,1,1,9,1,1,9,1,1,9,1,1,9,1,1,9,1,1,9,1,1,9,1,1,9,1,1,9,1,1,9,1,1,9,1,1,9,1,1,9,1,1,9,1,1,9,1,1,9,1,1,9,1],\"triangles\":[48,49,47,49,46,47,52,49,50,52,50,51,49,45,46,54,52,53,56,52,54,55,56,54,52,45,49,56,45,52,59,60,42,59,42,45,59,45,56,57,59,56,60,41,42,43,44,45,42,43,45,58,59,57,65,39,60,62,63,60,63,65,60,60,39,41,39,40,41,61,62,60,65,38,39,65,66,38,64,65,63,35,36,37,38,35,37,66,35,38,66,31,35,31,34,35,68,31,66,3,31,68,32,33,34,31,32,34,3,22,31,67,68,66,3,4,22,1,2,0,0,2,68,2,3,68,22,30,31,4,17,22,23,28,29,23,29,30,22,23,30,6,17,4,23,24,28,25,27,28,24,25,28,25,26,27,17,21,22,6,8,17,17,19,21,19,20,21,8,15,17,17,18,19,5,6,4,15,16,17,8,9,15,7,8,6,9,14,15,10,11,9,11,14,9,12,13,14,11,12,14],\"vertices\":[-14.95,-58.1,-56.55,-53,-60.35,-42.2,-60.35,-32.8,-67,-25.4,-74.05,-23.7,-74.9,-19.4,-81.55,-18.2,-83.1,-13.45,-93.55,-12.25,-97.65,-17.55,-125.4,-14.65,-122.15,33.85,-108.3,32.65,-103.5,18.25,-81.55,16,-79.15,19.6,-71.3,18.6,-70.45,21.85,-63.25,26.8,-55.55,29.9,-53.3,25.8,-49.2,23.75,-48.35,27.65,-54.15,44.1,-53.15,50.1,-43.55,56.6,-39.6,54.9,-35.7,47.55,-29,41.2,-29.15,28.35,-26.25,26.45,-5.05,39.3,-1.1,39.15,5.75,28.5,16.35,15.5,25.3,14.5,27,11.4,24.1,2.85,32.45,2.15,34.2,5.6,56.9,0.95,86.9,-2.45,91.5,1.15,95.45,0.1,97.35,-3.5,124.4,-6.05,126.6,-10.7,126.3,-15.95,123.15,-19.75,125.5,-24,125.35,-31.15,121.95,-35.25,124.25,-39.95,123.05,-48.45,118.65,-54.6,98.2,-53.1,95.6,-53.8,81.45,-52.85,80.75,-51.2,55.8,-49.25,51.7,-54.5,48.1,-56.4,13.8,-53.65,9.95,-50.9,7.35,-45.85,-2.35,-45,-3.75,-47.05,-8,-47.9],\"userEdges\":[],\"path\":\"df/图层_2\",\"bonePose\":[9,0.9913436729735876,-0.13129250570857665,0.13129250570857665,0.9913436729735876,10.599999999999998,-238.2],\"uvs\":[0.44205,0.00763,0.28081,0.05085,0.26609,0.14237,0.26609,0.22203,0.24031,0.28475,0.21298,0.29915,0.20969,0.33559,0.18391,0.34576,0.17791,0.38602,0.1374,0.39619,0.12151,0.35127,0.01395,0.37585,0.02655,0.78686,0.08023,0.77669,0.09884,0.65466,0.18391,0.63559,0.19322,0.6661,0.22364,0.65763,0.22694,0.68517,0.25484,0.72712,0.28469,0.75339,0.29341,0.71864,0.3093,0.70127,0.3126,0.73432,0.29012,0.87373,0.29399,0.92458,0.3312,0.97966,0.34651,0.96525,0.36163,0.90297,0.3876,0.84915,0.38702,0.74025,0.39826,0.72415,0.48043,0.83305,0.49574,0.83178,0.52229,0.74153,0.56337,0.63136,0.59806,0.62288,0.60465,0.59661,0.59341,0.52415,0.62578,0.51822,0.63256,0.54746,0.72054,0.50805,0.83682,0.47924,0.85465,0.50975,0.86996,0.50085,0.87733,0.47034,0.98217,0.44873,0.9907,0.40932,0.98953,0.36483,0.97733,0.33263,0.98643,0.29661,0.98585,0.23602,0.97267,0.20127,0.98159,0.16144,0.97694,0.08941,0.95988,0.03729,0.88062,0.05,0.87054,0.04407,0.8157,0.05212,0.81298,0.0661,0.71628,0.08263,0.70039,0.03814,0.68643,0.02203,0.55349,0.04534,0.53857,0.06864,0.52849,0.11144,0.49089,0.11864,0.48547,0.10127,0.46899,0.09407],\"slotPose\":[1,-3.0531133177191805e-16,3.0531133177191805e-16,1,47.616624328442086,-230.31769510263814],\"type\":\"mesh\",\"transform\":{\"skX\":7.5443,\"y\":12.6741,\"skY\":7.5443,\"x\":35.6613},\"edges\":[0,1,1,2,2,3,3,4,4,5,5,6,6,7,7,8,8,9,9,10,10,11,11,12,12,13,13,14,14,15,15,16,16,17,17,18,18,19,19,20,20,21,21,22,22,23,23,24,24,25,25,26,26,27,27,28,28,29,29,30,30,31,31,32,32,33,33,34,34,35,35,36,36,37,37,38,38,39,39,40,40,41,41,42,42,43,43,44,44,45,45,46,46,47,47,48,48,49,49,50,50,51,51,52,52,53,53,54,54,55,55,56,56,57,57,58,58,59,59,60,60,61,61,62,62,63,63,64,64,65,65,66,66,67,67,68,68,0],\"width\":258,\"height\":118,\"name\":\"df/图层_2\"}],\"name\":\"图层_2\"},{\"display\":[{\"weights\":[1,11,1,4,12,0.5850891175484101,15,0.3371989702639595,16,0.03438882237981637,11,0.04332308980781404,4,12,0.1911945734850633,15,0.5812185896875685,16,0.20536484120369922,11,0.022221995623668937,4,12,0.05379133278310767,15,0.5232153114969126,16,0.4137484390402284,11,0.009244916679751369,4,12,0.0396646554553555,15,0.47749303860650016,16,0.474982387393231,11,0.007859918544913403,4,12,0.031588549222705244,16,0.4909159819877515,15,0.47026525963581534,11,0.007230209153728015,4,12,0.026625570353622233,16,0.5009863749053016,15,0.4659845248411177,11,0.006403529899958474,3,12,0.033006221177297235,16,0.6356975671125363,15,0.3312962117101664,3,12,0.024327588174052797,16,0.9021377088970863,15,0.07353470292886084,4,12,0.027794279638650863,16,0.9113520922803627,15,0.05274405111179126,11,0.008109576969195106,4,12,0.03254041971148257,16,0.902142475489708,15,0.05629769827627415,11,0.009019406522535132,4,12,0.036834039391829144,16,0.8910499876063406,15,0.06286955198827422,11,0.00924642101355609,4,12,0.05805061647508713,16,0.8083740286624221,15,0.12231164809683884,11,0.01126370676565181,4,12,0.04028643619000982,16,0.7157537467578585,15,0.2377022774303368,11,0.006257539621794986,4,12,0.0731141832427858,16,0.5982481410238548,15,0.3180833149163848,11,0.010554360816974535,4,12,0.07327272673989495,16,0.468007472515744,15,0.4490429471623357,11,0.009676853582025248,4,12,0.08633380452546659,15,0.5048169264320432,16,0.39812585523400823,11,0.010723413808481928,4,12,0.2744382522095162,15,0.6471231310518072,16,0.06572916740599576,11,0.012709449332680782,4,12,0.4381908581131645,15,0.4733941958424674,16,0.06513567865994405,11,0.023279267384423968,4,12,0.467312526321341,15,0.46194220580186096,16,0.04440291588808602,11,0.026342351988712057,4,12,0.6187295273354481,15,0.21173863210088548,16,0.04189929881837738,11,0.1276325417452891,1,11,1,1,11,1,1,11,1,1,11,1,1,11,1,2,12,0.47000000000000003,11,0.53,2,12,0.53,11,0.47000000000000003],\"triangles\":[10,11,9,11,8,9,12,8,11,26,20,27,12,13,8,13,7,8,22,23,21,21,23,27,23,24,27,24,26,27,26,1,20,1,19,20,1,17,19,19,17,18,25,26,24,15,13,14,2,16,17,1,2,17,6,7,13,4,6,13,15,3,13,3,4,13,2,3,16,16,3,15,0,26,25,4,5,6],\"vertices\":[-34.55,-83.9,-32.75,-22.45,-46.05,30.9,-46.05,57.15,-48.5,66.5,-48.5,79.95,-42.1,88.65,-9.2,98,29.6,98,48.5,84.2,48.5,75.35,43.5,67.7,27.15,60.1,2.7,61.15,6.2,55.8,0.55,53.65,0.55,50.9,1.65,21.4,12.05,9.5,12.95,-1.65,23.2,-40.5,28.05,-82.4,27.3,-97.2,11.35,-109,-6.75,-108.95,-34.7,-101.6,-34.3,-75.21,27.35,-76.38],\"userEdges\":[],\"path\":\"df/脚2\",\"bonePose\":[12,-0.09326980570051067,0.9956408706680281,-0.9956408706680279,-0.09326980570051202,20.15,-192.50000000000003,15,-0.20547250818603646,0.9786628880159597,-0.9786628880159596,-0.20547250818603782,11.999999999999998,-104.65,16,0.9913905100700544,0.13093836925453592,-0.13093836925453456,0.9913905100700546,-3.399999999999995,-31.30000000000001,11,-0.10702437003500356,-0.9942563976251854,0.9942563976251854,-0.10702437003500356,18.85,-206.6],\"uvs\":[0.14381,0.07194,0.16237,0.38546,0.02526,0.65765,0.02526,0.79158,0,0.83929,0,0.90791,0.06598,0.9523,0.40515,1,0.80515,1,1,0.92959,1,0.88444,0.94845,0.84541,0.7799,0.80663,0.52784,0.81199,0.56392,0.78469,0.50567,0.77372,0.50567,0.75969,0.51701,0.60918,0.62423,0.54847,0.63351,0.49158,0.73918,0.29337,0.79742,0.10612,0.72474,0.01658,0.60515,0,0.45103,0,0.23196,0.02423,0.14644,0.11627,0.78905,0.13303],\"slotPose\":[1,1.3877787807814457e-15,-5.551115123125783e-17,1.0000000000000007,23.50000000000001,-104.00000000000007],\"type\":\"mesh\",\"transform\":{\"skX\":-7.5238,\"y\":-59.7786,\"skY\":-7.5238,\"x\":18.2742},\"edges\":[1,2,2,3,3,4,4,5,5,6,6,7,7,8,8,9,9,10,10,11,11,12,12,13,13,14,14,15,15,16,16,17,17,18,18,19,19,20,21,22,22,23,23,24,24,25,25,0,0,26,26,1,20,27,27,21],\"width\":97,\"height\":196,\"name\":\"df/脚2\"}],\"name\":\"脚2\"}],\"name\":\"\"}]}],\"name\":\"df\",\"version\":\"5.5\"}"}