[[{"__type__":"cc.SceneAsset","_name":"1","scene":{"__id__":1},"asyncLoadAssets":null},{"__type__":"cc.Scene","_name":"New Node","_children":[{"__id__":2}],"_active":false,"_anchorPoint":{"__type__":"cc.Vec2"},"_trs":{"__type__":"TypedArray","ctor":"Float64Array","array":[0,0,0,0,0,0,1,1,1,1]}},{"__type__":"cc.Node","_name":"Canvas","_parent":{"__id__":1},"_children":[{"__id__":3},{"__id__":42},{"__id__":5},{"__id__":43}],"_components":[{"__type__":"cc.Canvas","node":{"__id__":2},"_designResolution":{"__type__":"cc.Size","width":750,"height":1334},"_fitWidth":true,"_fitHeight":false},{"__type__":"cc.Widget","node":{"__id__":2},"_alignFlags":45},{"__type__":"79677ZF/DNKgruzPLz+7WMf","node":{"__id__":2}}],"_color":{"__type__":"cc.Color","r":252,"g":252,"b":252},"_contentSize":{"__type__":"cc.Size","width":750,"height":1334},"_trs":{"__type__":"TypedArray","ctor":"Float64Array","array":[375,667,0,0,0,0,1,1,1,1]},"_id":"a286bbGknJLZpRpxROV6M94"},{"__type__":"cc.Node","_name":"Main Camera","_parent":{"__id__":2},"_components":[{"__type__":"cc.Camera","node":{"__id__":3},"_cullingMask":-3,"_clearFlags":7,"_depth":-1},{"__type__":"e49ef76jqZKSqhBVftOF1vR","node":{"__id__":3},"df":{"__id__":4}}],"_trs":{"__type__":"TypedArray","ctor":"Float64Array","array":[0,0,512.091646575286,0,0,0,1,1,1,1]}},{"__type__":"cc.Node","_name":"df","_parent":{"__id__":5},"_children":[{"__id__":18},{"__id__":35},{"__id__":36},{"__id__":37},{"__id__":41}],"_components":[{"__type__":"40c364lNddBBoLiv0/DmnoR","node":{"__id__":4},"body":{"__id__":18},"head":{"__id__":28},"gun":{"__id__":30},"jsBox":{"__id__":16},"gunPos":{"__id__":35},"bulletPrefab":{"__uuid__":"95adJN1cVBQ5ztnZRfC2KZ"},"bulletBox":{"__id__":17},"bulletPos":{"__id__":31},"hplose":{"__uuid__":"eaCfie9ShLQr2LWAKZPu9k"}},{"__type__":"cc.BoxCollider","node":{"__id__":4},"_offset":{"__type__":"cc.Vec2","x":0.8,"y":-20},"_size":{"__type__":"cc.Size","width":80,"height":1}}],"_trs":{"__type__":"TypedArray","ctor":"Float64Array","array":[0,0,0,0,0,0,1,1,1,1]},"_groupIndex":4,"groupIndex":4},{"__type__":"cc.Node","_name":"map","_parent":{"__id__":2},"_children":[{"__id__":6},{"__id__":4},{"__id__":16},{"__id__":17}],"_trs":{"__type__":"TypedArray","ctor":"Float64Array","array":[0,0,0,0,0,0,1,0.8,0.8,1]}},{"__type__":"cc.Node","_name":"bg","_parent":{"__id__":5},"_children":[{"__id__":7},{"__id__":8},{"__id__":9},{"__id__":10},{"__id__":11},{"__id__":12},{"__id__":13},{"__id__":14},{"__id__":15}],"_trs":{"__type__":"TypedArray","ctor":"Float64Array","array":[0,0,0,0,0,0,1,1,1,1]}},{"__type__":"cc.Node","_name":"1-1","_parent":{"__id__":6},"_components":[{"__type__":"cc.Sprite","node":{"__id__":7},"_materials":[{"__uuid__":"ecpdLyjvZBwrvm+cedCcQy"}],"_spriteFrame":{"__uuid__":"ffDUs/ni5GqZ9lh8ltGtNZ"}}],"_contentSize":{"__type__":"cc.Size","width":750,"height":1334},"_trs":{"__type__":"TypedArray","ctor":"Float64Array","array":[0,0,0,0,0,0,1,1,1,1]}},{"__type__":"cc.Node","_name":"1-1 copy","_parent":{"__id__":6},"_components":[{"__type__":"cc.Sprite","node":{"__id__":8},"_materials":[{"__uuid__":"ecpdLyjvZBwrvm+cedCcQy"}],"_spriteFrame":{"__uuid__":"ffDUs/ni5GqZ9lh8ltGtNZ"}}],"_contentSize":{"__type__":"cc.Size","width":750,"height":1334},"_trs":{"__type__":"TypedArray","ctor":"Float64Array","array":[0,1334,0,0,0,0,1,1,1,1]}},{"__type__":"cc.Node","_name":"1-1 copy","_parent":{"__id__":6},"_components":[{"__type__":"cc.Sprite","node":{"__id__":9},"_materials":[{"__uuid__":"ecpdLyjvZBwrvm+cedCcQy"}],"_spriteFrame":{"__uuid__":"ffDUs/ni5GqZ9lh8ltGtNZ"}}],"_contentSize":{"__type__":"cc.Size","width":750,"height":1334},"_trs":{"__type__":"TypedArray","ctor":"Float64Array","array":[0,-1334,0,0,0,0,1,1,1,1]}},{"__type__":"cc.Node","_name":"1-1 copy","_parent":{"__id__":6},"_components":[{"__type__":"cc.Sprite","node":{"__id__":10},"_materials":[{"__uuid__":"ecpdLyjvZBwrvm+cedCcQy"}],"_spriteFrame":{"__uuid__":"ffDUs/ni5GqZ9lh8ltGtNZ"}}],"_contentSize":{"__type__":"cc.Size","width":750,"height":1334},"_trs":{"__type__":"TypedArray","ctor":"Float64Array","array":[-750,0,0,0,0,0,1,1,1,1]}},{"__type__":"cc.Node","_name":"1-1 copy","_parent":{"__id__":6},"_components":[{"__type__":"cc.Sprite","node":{"__id__":11},"_materials":[{"__uuid__":"ecpdLyjvZBwrvm+cedCcQy"}],"_spriteFrame":{"__uuid__":"ffDUs/ni5GqZ9lh8ltGtNZ"}}],"_contentSize":{"__type__":"cc.Size","width":750,"height":1334},"_trs":{"__type__":"TypedArray","ctor":"Float64Array","array":[-750,1334,0,0,0,0,1,1,1,1]}},{"__type__":"cc.Node","_name":"1-1 copy","_parent":{"__id__":6},"_components":[{"__type__":"cc.Sprite","node":{"__id__":12},"_materials":[{"__uuid__":"ecpdLyjvZBwrvm+cedCcQy"}],"_spriteFrame":{"__uuid__":"ffDUs/ni5GqZ9lh8ltGtNZ"}}],"_contentSize":{"__type__":"cc.Size","width":750,"height":1334},"_trs":{"__type__":"TypedArray","ctor":"Float64Array","array":[-750,-1334,0,0,0,0,1,1,1,1]}},{"__type__":"cc.Node","_name":"1-1 copy","_parent":{"__id__":6},"_components":[{"__type__":"cc.Sprite","node":{"__id__":13},"_materials":[{"__uuid__":"ecpdLyjvZBwrvm+cedCcQy"}],"_spriteFrame":{"__uuid__":"ffDUs/ni5GqZ9lh8ltGtNZ"}}],"_contentSize":{"__type__":"cc.Size","width":750,"height":1334},"_trs":{"__type__":"TypedArray","ctor":"Float64Array","array":[750,0,0,0,0,0,1,1,1,1]}},{"__type__":"cc.Node","_name":"1-1 copy","_parent":{"__id__":6},"_components":[{"__type__":"cc.Sprite","node":{"__id__":14},"_materials":[{"__uuid__":"ecpdLyjvZBwrvm+cedCcQy"}],"_spriteFrame":{"__uuid__":"ffDUs/ni5GqZ9lh8ltGtNZ"}}],"_contentSize":{"__type__":"cc.Size","width":750,"height":1334},"_trs":{"__type__":"TypedArray","ctor":"Float64Array","array":[750,1334,0,0,0,0,1,1,1,1]}},{"__type__":"cc.Node","_name":"1-1 copy","_parent":{"__id__":6},"_components":[{"__type__":"cc.Sprite","node":{"__id__":15},"_materials":[{"__uuid__":"ecpdLyjvZBwrvm+cedCcQy"}],"_spriteFrame":{"__uuid__":"ffDUs/ni5GqZ9lh8ltGtNZ"}}],"_contentSize":{"__type__":"cc.Size","width":750,"height":1334},"_trs":{"__type__":"TypedArray","ctor":"Float64Array","array":[750,-1334,0,0,0,0,1,1,1,1]}},{"__type__":"cc.Node","_name":"zombieBox","_parent":{"__id__":5},"_components":[{"__type__":"24deaTwDrNC8bOeckCtj4XP","node":{"__id__":16},"zombiePrefab1":{"__uuid__":"8c/lIIzzhDraiGd05t5JLq"},"zombiePrefab2":{"__uuid__":"88MUt0A5dLX4qrIgYrwfoy"},"dfNode":{"__id__":4}}],"_trs":{"__type__":"TypedArray","ctor":"Float64Array","array":[0,0,0,0,0,0,1,1,1,1]}},{"__type__":"cc.Node","_name":"bulletBox","_parent":{"__id__":5},"_trs":{"__type__":"TypedArray","ctor":"Float64Array","array":[162.144,-119.3398,0,0,0,0,1,0.6,0.6,0.6]}},{"__type__":"cc.Node","_name":"body","_parent":{"__id__":4},"_children":[{"__id__":19}],"_components":[{"__type__":"dragonBones.ArmatureDisplay","node":{"__id__":18},"_materials":[{"__uuid__":"ecpdLyjvZBwrvm+cedCcQy"}],"_armatureName":"Armature","_animationName":"daiji","_preCacheMode":0,"_armatureKey":"8baf1be8-57e2-49f5-b17b-f5c76c9c9a76#5c6bb267-5d6b-4378-9eaf-83b8eb77e281","_N$dragonAsset":{"__uuid__":"8brxvoV+JJ9bF79cdsnJp2"},"_N$dragonAtlasAsset":{"__uuid__":"5ca7JnXWtDeJ6vg7jrd+KB"}}],"_contentSize":{"__type__":"cc.Size","width":279.5464447390641,"height":433.4674835454041},"_anchorPoint":{"__type__":"cc.Vec2","x":0.5},"_trs":{"__type__":"TypedArray","ctor":"Float64Array","array":[0,-155.119,0,0,0,0,1,0.6,0.6,1]}},{"__type__":"cc.Node","_name":"ATTACHED_NODE_TREE","_parent":{"__id__":18},"_children":[{"__id__":20}],"_trs":{"__type__":"TypedArray","ctor":"Float64Array","array":[0,0,0,0,0,0,1,1,1,1]}},{"__type__":"cc.Node","_name":"ATTACHED_NODE:root","_parent":{"__id__":19},"_children":[{"__id__":21},{"__id__":22},{"__id__":23},{"__type__":"cc.Node","_name":"ATTACHED_NODE:bone_ikTarget4","_parent":{"__id__":20},"_trs":{"__type__":"TypedArray","ctor":"Float64Array","array":[0,0,0,0,0,0,1,1,1,1]}},{"__type__":"cc.Node","_name":"ATTACHED_NODE:bone_ikTarget5","_parent":{"__id__":20},"_trs":{"__type__":"TypedArray","ctor":"Float64Array","array":[0,0,0,0,0,0,1,1,1,1]}}],"_trs":{"__type__":"TypedArray","ctor":"Float64Array","array":[0,0,0,0,0,0,1,1,1,1]}},{"__type__":"cc.Node","_name":"ATTACHED_NODE:bone_ikTarget","_parent":{"__id__":20},"_children":[{"__type__":"cc.Node","_name":"ATTACHED_NODE:bone_ikTarget2","_parent":{"__id__":21},"_trs":{"__type__":"TypedArray","ctor":"Float64Array","array":[0,0,0,0,0,0,1,1,1,1]}}],"_trs":{"__type__":"TypedArray","ctor":"Float64Array","array":[0,0,0,0,0,0,1,1,1,1]}},{"__type__":"cc.Node","_name":"ATTACHED_NODE:bone_ikTarget1","_parent":{"__id__":20},"_children":[{"__type__":"cc.Node","_name":"ATTACHED_NODE:bone_ikTarget3","_parent":{"__id__":22},"_trs":{"__type__":"TypedArray","ctor":"Float64Array","array":[0,0,0,0,0,0,1,1,1,1]}}],"_trs":{"__type__":"TypedArray","ctor":"Float64Array","array":[0,0,0,0,0,0,1,1,1,1]}},{"__type__":"cc.Node","_name":"ATTACHED_NODE:身体","_parent":{"__id__":20},"_children":[{"__id__":24},{"__id__":27},{"__id__":29},{"__id__":32}],"_trs":{"__type__":"TypedArray","ctor":"Float64Array","array":[0,0,0,0,0,0,1,1,1,1]}},{"__type__":"cc.Node","_name":"ATTACHED_NODE:bone1","_parent":{"__id__":23},"_children":[{"__id__":25}],"_trs":{"__type__":"TypedArray","ctor":"Float64Array","array":[0,0,0,0,0,0,1,1,1,1]}},{"__type__":"cc.Node","_name":"ATTACHED_NODE:脚","_parent":{"__id__":24},"_children":[{"__id__":26}],"_trs":{"__type__":"TypedArray","ctor":"Float64Array","array":[0,0,0,0,0,0,1,1,1,1]}},{"__type__":"cc.Node","_name":"ATTACHED_NODE:脚1","_parent":{"__id__":25},"_children":[{"__type__":"cc.Node","_name":"ATTACHED_NODE:脚2","_parent":{"__id__":26},"_trs":{"__type__":"TypedArray","ctor":"Float64Array","array":[0,0,0,0,0,0,1,1,1,1]}}],"_trs":{"__type__":"TypedArray","ctor":"Float64Array","array":[0,0,0,0,0,0,1,1,1,1]}},{"__type__":"cc.Node","_name":"ATTACHED_NODE:头","_parent":{"__id__":23},"_children":[{"__id__":28}],"_trs":{"__type__":"TypedArray","ctor":"Float64Array","array":[0,0,0,0,0,0,1,1,1,1]}},{"__type__":"cc.Node","_name":"head","_parent":{"__id__":27},"_components":[{"__type__":"cc.Sprite","node":{"__id__":28},"_materials":[{"__uuid__":"ecpdLyjvZBwrvm+cedCcQy"}],"_spriteFrame":{"__uuid__":"85Ha7XrEZBZKHK9cIHUoOh"}}],"_contentSize":{"__type__":"cc.Size","width":117,"height":111},"_anchorPoint":{"__type__":"cc.Vec2","x":0.4,"y":0.3},"_trs":{"__type__":"TypedArray","ctor":"Float64Array","array":[15.068,6.884,0,0,0,0,1,1,1,1]}},{"__type__":"cc.Node","_name":"ATTACHED_NODE:图层_2","_parent":{"__id__":23},"_children":[{"__id__":30}],"_trs":{"__type__":"TypedArray","ctor":"Float64Array","array":[82.735,27.099,0,0,0,0,1,1,1,1]}},{"__type__":"cc.Node","_name":"gun","_parent":{"__id__":29},"_children":[{"__id__":31}],"_components":[{"__type__":"cc.Sprite","node":{"__id__":30},"_materials":[{"__uuid__":"ecpdLyjvZBwrvm+cedCcQy"}],"_spriteFrame":{"__uuid__":"85N+lqwzdPz62XF/LY2HSb"}}],"_contentSize":{"__type__":"cc.Size","width":258,"height":118},"_anchorPoint":{"__type__":"cc.Vec2","x":0.35,"y":0.5},"_trs":{"__type__":"TypedArray","ctor":"Float64Array","array":[1.296,-4.018,0,0,0,0,1,1,1,1]}},{"__type__":"cc.Node","_name":"bulletPos","_parent":{"__id__":30},"_trs":{"__type__":"TypedArray","ctor":"Float64Array","array":[169.168,28.233,0,0,0,0,1,1,1,1]}},{"__type__":"cc.Node","_name":"ATTACHED_NODE:bone","_parent":{"__id__":23},"_children":[{"__id__":33}],"_trs":{"__type__":"TypedArray","ctor":"Float64Array","array":[0,0,0,0,0,0,1,1,1,1]}},{"__type__":"cc.Node","_name":"ATTACHED_NODE:脚21","_parent":{"__id__":32},"_children":[{"__id__":34}],"_trs":{"__type__":"TypedArray","ctor":"Float64Array","array":[0,0,0,0,0,0,1,1,1,1]}},{"__type__":"cc.Node","_name":"ATTACHED_NODE:脚22","_parent":{"__id__":33},"_children":[{"__type__":"cc.Node","_name":"ATTACHED_NODE:脚23","_parent":{"__id__":34},"_trs":{"__type__":"TypedArray","ctor":"Float64Array","array":[0,0,0,0,0,0,1,1,1,1]}}],"_trs":{"__type__":"TypedArray","ctor":"Float64Array","array":[0,0,0,0,0,0,1,1,1,1]}},{"__type__":"cc.Node","_name":"gunPos","_parent":{"__id__":4},"_trs":{"__type__":"TypedArray","ctor":"Float64Array","array":[15.839,-6.03,0,0,0,0,1,0.6,0.6,0.6]}},{"__type__":"cc.Node","_name":"New Sprite(Splash)","_parent":{"__id__":4},"_active":false,"_components":[{"__type__":"cc.Sprite","node":{"__id__":36},"_materials":[{"__uuid__":"ecpdLyjvZBwrvm+cedCcQy"}],"_spriteFrame":{"__uuid__":"a2MjXRFdtLlYQ5ouAFv/+R"},"_sizeMode":0}],"_opacity":180,"_color":{"__type__":"cc.Color"},"_contentSize":{"__type__":"cc.Size","width":700,"height":1200},"_trs":{"__type__":"TypedArray","ctor":"Float64Array","array":[0,0,0,0,0,0,1,1,1,1]}},{"__type__":"cc.Node","_name":"hp","_parent":{"__id__":4},"_children":[{"__id__":38},{"__id__":39},{"__id__":40}],"_opacity":150,"_trs":{"__type__":"TypedArray","ctor":"Float64Array","array":[0,127.373,0,0,0,0,1,1,1,1]}},{"__type__":"cc.Node","_name":"1","_parent":{"__id__":37},"_components":[{"__type__":"cc.Sprite","node":{"__id__":38},"_materials":[{"__uuid__":"ecpdLyjvZBwrvm+cedCcQy"}],"_spriteFrame":{"__uuid__":"f1tyYmwzhJhrGJkS7d7jDm"}}],"_contentSize":{"__type__":"cc.Size","width":35,"height":31},"_trs":{"__type__":"TypedArray","ctor":"Float64Array","array":[-40,0,0,0,0,0,1,1,1,1]}},{"__type__":"cc.Node","_name":"2","_parent":{"__id__":37},"_components":[{"__type__":"cc.Sprite","node":{"__id__":39},"_materials":[{"__uuid__":"ecpdLyjvZBwrvm+cedCcQy"}],"_spriteFrame":{"__uuid__":"f1tyYmwzhJhrGJkS7d7jDm"}}],"_contentSize":{"__type__":"cc.Size","width":35,"height":31},"_trs":{"__type__":"TypedArray","ctor":"Float64Array","array":[0,0,0,0,0,0,1,1,1,1]}},{"__type__":"cc.Node","_name":"3","_parent":{"__id__":37},"_components":[{"__type__":"cc.Sprite","node":{"__id__":40},"_materials":[{"__uuid__":"ecpdLyjvZBwrvm+cedCcQy"}],"_spriteFrame":{"__uuid__":"f1tyYmwzhJhrGJkS7d7jDm"}}],"_contentSize":{"__type__":"cc.Size","width":35,"height":31},"_trs":{"__type__":"TypedArray","ctor":"Float64Array","array":[40,0,0,0,0,0,1,1,1,1]}},{"__type__":"cc.Node","_name":"dff","_parent":{"__id__":4},"_components":[{"__type__":"cc.Sprite","node":{"__id__":41},"_materials":[{"__uuid__":"ecpdLyjvZBwrvm+cedCcQy"}],"_spriteFrame":{"__uuid__":"51dN6edCZEALxSN3w4893T"}}],"_opacity":0,"_contentSize":{"__type__":"cc.Size","width":199,"height":108},"_trs":{"__type__":"TypedArray","ctor":"Float64Array","array":[2.724,161.542,0,0,0,0,1,1,1,1]}},{"__type__":"cc.Node","_name":"UI Camera","_parent":{"__id__":2},"_components":[{"__type__":"cc.Camera","node":{"__id__":42},"_cullingMask":2,"_nearClip":0.1}],"_trs":{"__type__":"TypedArray","ctor":"Float64Array","array":[0,0,512.091646575286,0,0,0,1,1,1,1]}},{"__type__":"cc.Node","_name":"ui","_parent":{"__id__":2},"_children":[{"__id__":44},{"__id__":46},{"__id__":48},{"__id__":52},{"__id__":60},{"__id__":77},{"__id__":78},{"__id__":81},{"__id__":82}],"_components":[{"__type__":"cc.Widget","node":{"__id__":43},"_alignFlags":45,"_originalWidth":750,"_originalHeight":1334},{"__type__":"f2b59io29JKvK8g+jcrnQsy","node":{"__id__":43},"leadView":{"__id__":48},"zombie2LeadView":{"__id__":52},"overView":{"__id__":60},"jiaPrefab":{"__uuid__":"2bWDkoxRNBdJfc5qLKt2rU"},"coin":{"__id__":46}}],"_contentSize":{"__type__":"cc.Size","width":750,"height":1334},"_trs":{"__type__":"TypedArray","ctor":"Float64Array","array":[0,0,0,0,0,0,1,1,1,1]},"_groupIndex":1,"groupIndex":1},{"__type__":"cc.Node","_name":"pad_bottom","_parent":{"__id__":43},"_children":[{"__id__":45}],"_components":[{"__type__":"cc.Sprite","node":{"__id__":44},"_materials":[{"__uuid__":"ecpdLyjvZBwrvm+cedCcQy"}],"_spriteFrame":{"__uuid__":"8enojD9wJNiqENsPDbPYGm"}},{"__type__":"629fc7q5HpBCZT3jcHLL+Tj","node":{"__id__":44},"pad_bottom":{"__id__":44},"pad_Top":{"__id__":45},"limitDistance":100}],"_opacity":150,"_contentSize":{"__type__":"cc.Size","width":199,"height":199},"_trs":{"__type__":"TypedArray","ctor":"Float64Array","array":[0,-300,0,0,0,0,1,1.2,1.2,1]},"_groupIndex":1,"groupIndex":1},{"__type__":"cc.Node","_name":"pad_top","_parent":{"__id__":44},"_components":[{"__type__":"cc.Sprite","node":{"__id__":45},"_materials":[{"__uuid__":"ecpdLyjvZBwrvm+cedCcQy"}],"_spriteFrame":{"__uuid__":"684f1efWpD4Y6tOGqa7m13"}},{"__type__":"cc.Animation","node":{"__id__":45},"_defaultClip":{"__uuid__":"44EDLoQfZFzIzRbRXaxwhO"},"_clips":[{"__uuid__":"44EDLoQfZFzIzRbRXaxwhO"}]}],"_contentSize":{"__type__":"cc.Size","width":75,"height":75},"_trs":{"__type__":"TypedArray","ctor":"Float64Array","array":[0,0,0,0,0,0,1,1,1,1]},"_groupIndex":1,"groupIndex":1},{"__type__":"cc.Node","_name":"coin","_parent":{"__id__":43},"_children":[{"__id__":47}],"_components":[{"__type__":"cc.Sprite","node":{"__id__":46},"_materials":[{"__uuid__":"ecpdLyjvZBwrvm+cedCcQy"}],"_spriteFrame":{"__uuid__":"e2pzBM9rhDKo/lQQ0FvVmy"}},{"__type__":"cc.Widget","node":{"__id__":46},"_alignFlags":33,"_right":124,"_top":30}],"_contentSize":{"__type__":"cc.Size","width":60,"height":72},"_trs":{"__type__":"TypedArray","ctor":"Float64Array","array":[221,601,0,0,0,0,1,1,1,1]}},{"__type__":"cc.Node","_name":"count1","_parent":{"__id__":46},"_components":[{"__type__":"cc.Label","node":{"__id__":47},"_materials":[{"__uuid__":"ecpdLyjvZBwrvm+cedCcQy"}],"_useOriginalSize":false,"_string":"0","_N$string":"0","_fontSize":60,"_lineHeight":80,"_styleFlags":1,"_N$horizontalAlign":1,"_N$verticalAlign":1},{"__type__":"cc.LabelShadow","node":{"__id__":47},"_color":{"__type__":"cc.Color","r":213,"g":96,"b":3},"_offset":{"__type__":"cc.Vec2","x":2,"y":-2}}],"_prefab":{"__type__":"cc.PrefabInfo","root":{"__id__":47},"asset":{"__uuid__":"2bWDkoxRNBdJfc5qLKt2rU"},"fileId":"36ebGi6OBNc63WdRGh2rPp"},"_color":{"__type__":"cc.Color","r":255,"g":255,"b":27},"_contentSize":{"__type__":"cc.Size","width":33.37,"height":100.8},"_trs":{"__type__":"TypedArray","ctor":"Float64Array","array":[87.944,3.345,0,0,0,0,1,1,1,1]}},{"__type__":"cc.Node","_name":"leadView","_parent":{"__id__":43},"_children":[{"__id__":49},{"__id__":50},{"__id__":51}],"_active":false,"_components":[{"__type__":"cc.Widget","node":{"__id__":48},"_alignFlags":45,"_originalWidth":750,"_originalHeight":1334}],"_color":{"__type__":"cc.Color"},"_contentSize":{"__type__":"cc.Size","width":750,"height":1334},"_trs":{"__type__":"TypedArray","ctor":"Float64Array","array":[0,0,0,0,0,0,1,1,1,1]}},{"__type__":"cc.Node","_name":"mb","_parent":{"__id__":48},"_components":[{"__type__":"cc.Sprite","node":{"__id__":49},"_materials":[{"__uuid__":"ecpdLyjvZBwrvm+cedCcQy"}],"_spriteFrame":{"__uuid__":"a2MjXRFdtLlYQ5ouAFv/+R"},"_sizeMode":0},{"__type__":"cc.Widget","node":{"__id__":49},"_alignFlags":45,"_originalWidth":750,"_originalHeight":1334}],"_opacity":180,"_color":{"__type__":"cc.Color"},"_contentSize":{"__type__":"cc.Size","width":750,"height":1334},"_trs":{"__type__":"TypedArray","ctor":"Float64Array","array":[0,0,0,0,0,0,1,1,1,1]}},{"__type__":"cc.Node","_name":"dh","_parent":{"__id__":48},"_components":[{"__type__":"cc.Sprite","node":{"__id__":50},"_materials":[{"__uuid__":"ecpdLyjvZBwrvm+cedCcQy"}],"_spriteFrame":{"__uuid__":"80tCQ2IpBFcL/0VFGpuGIT"}},{"__type__":"cc.Widget","node":{"__id__":50},"_alignFlags":32}],"_contentSize":{"__type__":"cc.Size","width":597,"height":390},"_anchorPoint":{"__type__":"cc.Vec2","x":1,"y":0.5},"_trs":{"__type__":"TypedArray","ctor":"Float64Array","array":[375,77.795,0,0,0,0,1,1,0,1]}},{"__type__":"cc.Node","_name":"df","_parent":{"__id__":48},"_components":[{"__type__":"dragonBones.ArmatureDisplay","node":{"__id__":51},"_materials":[{"__uuid__":"ecpdLyjvZBwrvm+cedCcQy"}],"_armatureName":"Armature","_preCacheMode":0,"playTimes":1,"_armatureKey":"eec8e773-6d2d-407d-9217-c9bc49dd9831#6b9a3cde-8397-4648-ae62-052f73345581","_N$dragonAsset":{"__uuid__":"eeyOdzbS1AfZIXybxJ3Zgx"},"_N$dragonAtlasAsset":{"__uuid__":"6bmjzeg5dGSK5iBS9zNFWB"}}],"_contentSize":{"__type__":"cc.Size","width":334,"height":628.635092879257},"_trs":{"__type__":"TypedArray","ctor":"Float64Array","array":[-600,0,0,0,0,0,1,1,1,1]}},{"__type__":"cc.Node","_name":"zombie2LeadView","_parent":{"__id__":43},"_children":[{"__id__":53},{"__id__":54}],"_active":false,"_components":[{"__type__":"cc.Widget","node":{"__id__":52},"_alignFlags":45,"_originalWidth":750,"_originalHeight":1334}],"_color":{"__type__":"cc.Color"},"_contentSize":{"__type__":"cc.Size","width":750,"height":1334},"_trs":{"__type__":"TypedArray","ctor":"Float64Array","array":[0,0,0,0,0,0,1,1,1,1]}},{"__type__":"cc.Node","_name":"mb","_parent":{"__id__":52},"_components":[{"__type__":"cc.Sprite","node":{"__id__":53},"_materials":[{"__uuid__":"ecpdLyjvZBwrvm+cedCcQy"}],"_spriteFrame":{"__uuid__":"a2MjXRFdtLlYQ5ouAFv/+R"},"_sizeMode":0},{"__type__":"cc.Widget","node":{"__id__":53},"_alignFlags":45,"_originalWidth":750,"_originalHeight":1334}],"_opacity":180,"_color":{"__type__":"cc.Color"},"_contentSize":{"__type__":"cc.Size","width":750,"height":1334},"_trs":{"__type__":"TypedArray","ctor":"Float64Array","array":[0,0,0,0,0,0,1,1,1,1]}},{"__type__":"cc.Node","_name":"l","_parent":{"__id__":52},"_children":[{"__id__":55},{"__id__":56},{"__id__":57},{"__id__":58},{"__id__":59}],"_trs":{"__type__":"TypedArray","ctor":"Float64Array","array":[0,0,0,0,0,0,1,1,1,1]}},{"__type__":"cc.Node","_name":"3-4","_parent":{"__id__":54},"_components":[{"__type__":"cc.Sprite","node":{"__id__":55},"_materials":[{"__uuid__":"ecpdLyjvZBwrvm+cedCcQy"}],"_spriteFrame":{"__uuid__":"d7wBPNz5VCRIHOcJ2Lx7SN"}},{"__type__":"cc.Animation","node":{"__id__":55},"_defaultClip":{"__uuid__":"00D8CfEmZJvZ41Z1wuKVkQ"},"_clips":[{"__uuid__":"00D8CfEmZJvZ41Z1wuKVkQ"}],"playOnLoad":true}],"_contentSize":{"__type__":"cc.Size","width":563,"height":571},"_trs":{"__type__":"TypedArray","ctor":"Float64Array","array":[0,96.491,0,0,0,0,1,1,1,1]}},{"__type__":"cc.Node","_name":"3-1","_parent":{"__id__":54},"_components":[{"__type__":"cc.Sprite","node":{"__id__":56},"_materials":[{"__uuid__":"ecpdLyjvZBwrvm+cedCcQy"}],"_spriteFrame":{"__uuid__":"370YruwaNCUJmcDCL/L22i"}}],"_contentSize":{"__type__":"cc.Size","width":602,"height":163},"_trs":{"__type__":"TypedArray","ctor":"Float64Array","array":[0,395.153,0,0,0,0,1,1,1,1]}},{"__type__":"cc.Node","_name":"db","_parent":{"__id__":54},"_components":[{"__type__":"dragonBones.ArmatureDisplay","node":{"__id__":57},"_materials":[{"__uuid__":"ecpdLyjvZBwrvm+cedCcQy"}],"_armatureName":"Armature","_animationName":"zou","_preCacheMode":0,"_armatureKey":"54c97b6b-64ad-4529-ae4f-084f552411dc#7eeda534-9019-44b7-8d91-7c04e236d854","_N$dragonAsset":{"__uuid__":"54yXtrZK1FKa5PCE9VJBHc"},"_N$dragonAtlasAsset":{"__uuid__":"7e7aU0kBlEt42RfATiNthU"}}],"_contentSize":{"__type__":"cc.Size","width":252.4805131179601,"height":449.87309076660637},"_anchorPoint":{"__type__":"cc.Vec2","x":0.5},"_trs":{"__type__":"TypedArray","ctor":"Float64Array","array":[0,-45.804,0,0,0,0,1,0.8,0.8,0.8]}},{"__type__":"cc.Node","_name":"3-2","_parent":{"__id__":54},"_components":[{"__type__":"cc.Sprite","node":{"__id__":58},"_materials":[{"__uuid__":"ecpdLyjvZBwrvm+cedCcQy"}],"_spriteFrame":{"__uuid__":"17OnaGIP9MF7EBgaSm2uor"}}],"_contentSize":{"__type__":"cc.Size","width":483,"height":178},"_trs":{"__type__":"TypedArray","ctor":"Float64Array","array":[0,-189.979,0,0,0,0,1,1,1,1]}},{"__type__":"cc.Node","_name":"know","_parent":{"__id__":54},"_components":[{"__type__":"cc.Sprite","node":{"__id__":59},"_materials":[{"__uuid__":"ecpdLyjvZBwrvm+cedCcQy"}],"_spriteFrame":{"__uuid__":"468SovrMBHDKrRmfO1RKow"}},{"__type__":"cc.Animation","node":{"__id__":59},"_defaultClip":{"__uuid__":"35/WJ4m/VN6q0u2HLMill0"},"_clips":[{"__uuid__":"35/WJ4m/VN6q0u2HLMill0"}],"playOnLoad":true}],"_contentSize":{"__type__":"cc.Size","width":314,"height":113},"_trs":{"__type__":"TypedArray","ctor":"Float64Array","array":[0,-383.665,0,0,0,0,1,1,1,1]}},{"__type__":"cc.Node","_name":"overView","_parent":{"__id__":43},"_children":[{"__id__":61},{"__id__":62},{"__id__":69}],"_active":false,"_components":[{"__type__":"cc.Widget","node":{"__id__":60},"_alignFlags":45,"_originalWidth":750,"_originalHeight":1334}],"_color":{"__type__":"cc.Color"},"_contentSize":{"__type__":"cc.Size","width":750,"height":1334},"_trs":{"__type__":"TypedArray","ctor":"Float64Array","array":[0,0,0,0,0,0,1,1,1,1]}},{"__type__":"cc.Node","_name":"mb","_parent":{"__id__":60},"_components":[{"__type__":"cc.Sprite","node":{"__id__":61},"_materials":[{"__uuid__":"ecpdLyjvZBwrvm+cedCcQy"}],"_spriteFrame":{"__uuid__":"a2MjXRFdtLlYQ5ouAFv/+R"},"_sizeMode":0},{"__type__":"cc.Widget","node":{"__id__":61},"_alignFlags":45,"_originalWidth":750,"_originalHeight":1334}],"_opacity":180,"_color":{"__type__":"cc.Color"},"_contentSize":{"__type__":"cc.Size","width":750,"height":1334},"_trs":{"__type__":"TypedArray","ctor":"Float64Array","array":[0,0,0,0,0,0,1,1,1,1]}},{"__type__":"cc.Node","_name":"suc","_parent":{"__id__":60},"_children":[{"__id__":63},{"__id__":64},{"__id__":65},{"__id__":66},{"__id__":67},{"__id__":68}],"_trs":{"__type__":"TypedArray","ctor":"Float64Array","array":[0,0,0,0,0,0,1,1,1,1]}},{"__type__":"cc.Node","_name":"4-1","_parent":{"__id__":62},"_components":[{"__type__":"cc.Sprite","node":{"__id__":63},"_materials":[{"__uuid__":"ecpdLyjvZBwrvm+cedCcQy"}],"_spriteFrame":{"__uuid__":"83DElqfmlO47q+To2STiFq"}},{"__type__":"cc.Animation","node":{"__id__":63},"_defaultClip":{"__uuid__":"d9lOiKZb9PQZ2M0uVotFKN"},"_clips":[{"__uuid__":"d9lOiKZb9PQZ2M0uVotFKN"}],"playOnLoad":true}],"_contentSize":{"__type__":"cc.Size","width":748,"height":747},"_trs":{"__type__":"TypedArray","ctor":"Float64Array","array":[0,220.55,0,0,0,0,1,1,1,1]}},{"__type__":"cc.Node","_name":"4-2","_parent":{"__id__":62},"_components":[{"__type__":"cc.Sprite","node":{"__id__":64},"_materials":[{"__uuid__":"ecpdLyjvZBwrvm+cedCcQy"}],"_spriteFrame":{"__uuid__":"4atX42sPpBjps4pIDoFFNk"}}],"_contentSize":{"__type__":"cc.Size","width":546,"height":647},"_trs":{"__type__":"TypedArray","ctor":"Float64Array","array":[0,180.657,0,0,0,0,1,1,1,1]}},{"__type__":"cc.Node","_name":"download","_parent":{"__id__":62},"_components":[{"__type__":"cc.Sprite","node":{"__id__":65},"_materials":[{"__uuid__":"ecpdLyjvZBwrvm+cedCcQy"}],"_spriteFrame":{"__uuid__":"f7RVDZXyFLAJGaXMfM6Qbi"}},{"__type__":"cc.Animation","node":{"__id__":65},"_defaultClip":{"__uuid__":"b2lIF4gftK+KWqSPIvxZrn"},"_clips":[{"__uuid__":"b2lIF4gftK+KWqSPIvxZrn"}],"playOnLoad":true}],"_contentSize":{"__type__":"cc.Size","width":460,"height":113},"_trs":{"__type__":"TypedArray","ctor":"Float64Array","array":[0,-280.262,0,0,0,0,1,1,1,1]}},{"__type__":"cc.Node","_name":"4-3","_parent":{"__id__":62},"_components":[{"__type__":"cc.Sprite","node":{"__id__":66},"_materials":[{"__uuid__":"ecpdLyjvZBwrvm+cedCcQy"}],"_spriteFrame":{"__uuid__":"e2pzBM9rhDKo/lQQ0FvVmy"}}],"_contentSize":{"__type__":"cc.Size","width":60,"height":72},"_trs":{"__type__":"TypedArray","ctor":"Float64Array","array":[-63.345,9.849,0,0,0,0,1,-1,1,1]}},{"__type__":"cc.Node","_name":"4-3 copy","_parent":{"__id__":62},"_components":[{"__type__":"cc.Sprite","node":{"__id__":67},"_materials":[{"__uuid__":"ecpdLyjvZBwrvm+cedCcQy"}],"_spriteFrame":{"__uuid__":"e2pzBM9rhDKo/lQQ0FvVmy"}}],"_color":{"__type__":"cc.Color","r":239,"g":239,"b":239},"_contentSize":{"__type__":"cc.Size","width":60,"height":72},"_trs":{"__type__":"TypedArray","ctor":"Float64Array","array":[-32.335,-2.114,0,0,0,-0.3007057995042731,0.9537169507482269,0.7,0.7,1]},"_eulerAngles":{"__type__":"cc.Vec3","z":-35}},{"__type__":"cc.Node","_name":"succount","_parent":{"__id__":62},"_components":[{"__type__":"cc.Label","node":{"__id__":68},"_materials":[{"__uuid__":"ecpdLyjvZBwrvm+cedCcQy"}],"_useOriginalSize":false,"_string":"20","_N$string":"20","_fontSize":80,"_lineHeight":80,"_styleFlags":1,"_N$horizontalAlign":1,"_N$verticalAlign":1},{"__type__":"cc.LabelShadow","node":{"__id__":68},"_color":{"__type__":"cc.Color","r":213,"g":96,"b":3},"_offset":{"__type__":"cc.Vec2","x":2,"y":-2}}],"_color":{"__type__":"cc.Color","r":255,"g":255,"b":27},"_contentSize":{"__type__":"cc.Size","width":88.98,"height":100.8},"_trs":{"__type__":"TypedArray","ctor":"Float64Array","array":[46.037,12.122,0,0,0,0,1,1,1,1]}},{"__type__":"cc.Node","_name":"fail","_parent":{"__id__":60},"_children":[{"__id__":70},{"__id__":71},{"__id__":72},{"__id__":73},{"__id__":74},{"__id__":75},{"__id__":76}],"_active":false,"_trs":{"__type__":"TypedArray","ctor":"Float64Array","array":[0,0,0,0,0,0,1,1,1,1]}},{"__type__":"cc.Node","_name":"4-1","_parent":{"__id__":69},"_components":[{"__type__":"cc.Sprite","node":{"__id__":70},"_materials":[{"__uuid__":"ecpdLyjvZBwrvm+cedCcQy"}],"_spriteFrame":{"__uuid__":"4daoOHsk5GHb88/6LxA/Qj"}},{"__type__":"cc.Animation","node":{"__id__":70},"_defaultClip":{"__uuid__":"d9lOiKZb9PQZ2M0uVotFKN"},"_clips":[{"__uuid__":"d9lOiKZb9PQZ2M0uVotFKN"}],"playOnLoad":true}],"_contentSize":{"__type__":"cc.Size","width":747,"height":747},"_trs":{"__type__":"TypedArray","ctor":"Float64Array","array":[0,220.55,0,0,0,0,1,1,1,1]}},{"__type__":"cc.Node","_name":"4-2","_parent":{"__id__":69},"_components":[{"__type__":"cc.Sprite","node":{"__id__":71},"_materials":[{"__uuid__":"ecpdLyjvZBwrvm+cedCcQy"}],"_spriteFrame":{"__uuid__":"edGTUoqepFcLW85ZLbc0WB"}}],"_contentSize":{"__type__":"cc.Size","width":545,"height":647},"_trs":{"__type__":"TypedArray","ctor":"Float64Array","array":[0,180.657,0,0,0,0,1,1,1,1]}},{"__type__":"cc.Node","_name":"download","_parent":{"__id__":69},"_components":[{"__type__":"cc.Sprite","node":{"__id__":72},"_materials":[{"__uuid__":"ecpdLyjvZBwrvm+cedCcQy"}],"_spriteFrame":{"__uuid__":"d3Pt8V5flNNLS5tZ/I+uaX"}},{"__type__":"cc.Animation","node":{"__id__":72},"_defaultClip":{"__uuid__":"b2lIF4gftK+KWqSPIvxZrn"},"_clips":[{"__uuid__":"b2lIF4gftK+KWqSPIvxZrn"}],"playOnLoad":true}],"_contentSize":{"__type__":"cc.Size","width":460,"height":113},"_trs":{"__type__":"TypedArray","ctor":"Float64Array","array":[0,-257.635,0,0,0,0,1,1,1,1]}},{"__type__":"cc.Node","_name":"4-3 copy","_parent":{"__id__":69},"_components":[{"__type__":"cc.Sprite","node":{"__id__":73},"_materials":[{"__uuid__":"ecpdLyjvZBwrvm+cedCcQy"}],"_spriteFrame":{"__uuid__":"e2pzBM9rhDKo/lQQ0FvVmy"}}],"_color":{"__type__":"cc.Color","r":162,"g":162,"b":162},"_contentSize":{"__type__":"cc.Size","width":60,"height":72},"_trs":{"__type__":"TypedArray","ctor":"Float64Array","array":[-33.935,-6.155,0,0,0,-0.3007057995042731,0.9537169507482269,0.7,0.7,1]},"_eulerAngles":{"__type__":"cc.Vec3","z":-35}},{"__type__":"cc.Node","_name":"again","_parent":{"__id__":69},"_components":[{"__type__":"cc.Sprite","node":{"__id__":74},"_materials":[{"__uuid__":"ecpdLyjvZBwrvm+cedCcQy"}],"_spriteFrame":{"__uuid__":"cetZLaMLxP57a0stB/RdQi"}}],"_contentSize":{"__type__":"cc.Size","width":314,"height":113},"_trs":{"__type__":"TypedArray","ctor":"Float64Array","array":[0,-407.294,0,0,0,0,1,1,1,1]}},{"__type__":"cc.Node","_name":"succount","_parent":{"__id__":69},"_components":[{"__type__":"cc.Label","node":{"__id__":75},"_materials":[{"__uuid__":"ecpdLyjvZBwrvm+cedCcQy"}],"_useOriginalSize":false,"_string":"20","_N$string":"20","_fontSize":80,"_lineHeight":80,"_styleFlags":1,"_N$horizontalAlign":1,"_N$verticalAlign":1},{"__type__":"cc.LabelShadow","node":{"__id__":75},"_color":{"__type__":"cc.Color","r":21,"g":21,"b":21},"_offset":{"__type__":"cc.Vec2","x":2,"y":-2}}],"_color":{"__type__":"cc.Color","r":162,"g":162,"b":162},"_contentSize":{"__type__":"cc.Size","width":88.98,"height":100.8},"_trs":{"__type__":"TypedArray","ctor":"Float64Array","array":[44.549,12.122,0,0,0,0,1,1,1,1]}},{"__type__":"cc.Node","_name":"4-3","_parent":{"__id__":69},"_components":[{"__type__":"cc.Sprite","node":{"__id__":76},"_materials":[{"__uuid__":"ecpdLyjvZBwrvm+cedCcQy"}],"_spriteFrame":{"__uuid__":"e2pzBM9rhDKo/lQQ0FvVmy"}}],"_color":{"__type__":"cc.Color","r":162,"g":162,"b":162},"_contentSize":{"__type__":"cc.Size","width":60,"height":72},"_trs":{"__type__":"TypedArray","ctor":"Float64Array","array":[-54.17,9.849,0,0,0,0,1,-1,1,-1]}},{"__type__":"cc.Node","_name":"sj","_parent":{"__id__":43},"_components":[{"__type__":"cc.Label","node":{"__id__":77},"_materials":[{"__uuid__":"ecpdLyjvZBwrvm+cedCcQy"}],"_useOriginalSize":false,"_string":"红包金额以实际领取金额为准","_N$string":"红包金额以实际领取金额为准","_fontSize":20,"_lineHeight":20,"_N$horizontalAlign":1,"_N$verticalAlign":1},{"__type__":"cc.Widget","node":{"__id__":77},"_alignFlags":36,"_right":30,"_bottom":20}],"_contentSize":{"__type__":"cc.Size","width":260,"height":25.2},"_trs":{"__type__":"TypedArray","ctor":"Float64Array","array":[215,-634.4,0,0,0,0,1,1,1,1]}},{"__type__":"cc.Node","_name":"tips","_parent":{"__id__":43},"_children":[{"__id__":79},{"__id__":80}],"_active":false,"_components":[{"__type__":"cc.Animation","node":{"__id__":78},"_defaultClip":{"__uuid__":"79FHIH06FEOYCbKgW25TK5"},"_clips":[{"__uuid__":"79FHIH06FEOYCbKgW25TK5"}]}],"_trs":{"__type__":"TypedArray","ctor":"Float64Array","array":[0,0,0,0,0,0,1,1,1,1]}},{"__type__":"cc.Node","_name":"ss","_parent":{"__id__":78},"_components":[{"__type__":"cc.Sprite","node":{"__id__":79},"_materials":[{"__uuid__":"ecpdLyjvZBwrvm+cedCcQy"}],"_spriteFrame":{"__uuid__":"90K7PqnelF7JXfegQDfNp2"}}],"_contentSize":{"__type__":"cc.Size","width":190,"height":151},"_trs":{"__type__":"TypedArray","ctor":"Float64Array","array":[70.038,-358.275,0,0,0,0,1,1,1,1]}},{"__type__":"cc.Node","_name":"arr","_parent":{"__id__":78},"_components":[{"__type__":"cc.Sprite","node":{"__id__":80},"_materials":[{"__uuid__":"ecpdLyjvZBwrvm+cedCcQy"}],"_spriteFrame":{"__uuid__":"de/lJGffxFILN31m/JQIXg"}}],"_contentSize":{"__type__":"cc.Size","width":115,"height":160},"_trs":{"__type__":"TypedArray","ctor":"Float64Array","array":[0,0,0,0,0,0,1,1,1,1]}},{"__type__":"cc.Node","_name":"tips2","_parent":{"__id__":43},"_components":[{"__type__":"cc.Sprite","node":{"__id__":81},"_materials":[{"__uuid__":"ecpdLyjvZBwrvm+cedCcQy"}],"_spriteFrame":{"__uuid__":"a5FwmFGNxLSIGf1Sct8Q3l"},"_sizeMode":0},{"__type__":"cc.Widget","node":{"__id__":81},"_alignFlags":40,"_originalWidth":750}],"_opacity":0,"_contentSize":{"__type__":"cc.Size","width":750,"height":115},"_trs":{"__type__":"TypedArray","ctor":"Float64Array","array":[0,421.7304,0,0,0,0,1,1,1,1]}},{"__type__":"cc.Node","_name":"hs","_parent":{"__id__":43},"_components":[{"__type__":"cc.Sprite","node":{"__id__":82},"_materials":[{"__uuid__":"ecpdLyjvZBwrvm+cedCcQy"}],"_spriteFrame":{"__uuid__":"acWcjxjVxBQYlme9unQEGM"}},{"__type__":"cc.Widget","node":{"__id__":82},"_alignFlags":45,"_originalWidth":750,"_originalHeight":1334}],"_opacity":0,"_contentSize":{"__type__":"cc.Size","width":750,"height":1334},"_trs":{"__type__":"TypedArray","ctor":"Float64Array","array":[0,0,0,0,0,0,1,1,1,1]}}],{"__type__":"cc.SpriteFrame","content":{"name":"default_sprite_splash","texture":"02delMVqdBD70a/HSD99FK","rect":[0,0,2,2],"offset":[0,0],"originalSize":[2,2],"capInsets":[0,0,0,0]}}]