{"__type__":"cc.AnimationClip","_name":"tips","_duration":3,"wrapMode":2,"curveData":{"paths":{"ss":{"props":{"position":[{"frame":0,"value":[70,-350,0]},{"frame":0.3333333333333333,"value":[-30,-350,0]},{"frame":1,"value":[140,-350,0]},{"frame":1.3333333333333333,"value":[70,-350,0]},{"frame":1.6666666666666667,"value":[70,-270,0]},{"frame":2.3333333333333335,"value":[70,-440,0]},{"frame":2.6666666666666665,"value":[70,-350,0]},{"frame":3,"value":[70,-350,0]}]}},"arr":{"props":{"y":[{"frame":0,"value":0},{"frame":0.5,"value":-100},{"frame":1,"value":0},{"frame":1.5,"value":-100},{"frame":2,"value":0},{"frame":2.5,"value":-100},{"frame":3,"value":0}]}}}}}