{"paths":{},"types":[],"uuids":["9efH7wUnpGMp6SWhjcreXE","00D8CfEmZJvZ41Z1wuKVkQ","02delMVqdBD70a/HSD99FK","17OnaGIP9MF7EBgaSm2uor","2bWDkoxRNBdJfc5qLKt2rU","35/WJ4m/VN6q0u2HLMill0","370YruwaNCUJmcDCL/L22i","44EDLoQfZFzIzRbRXaxwhO","468SovrMBHDKrRmfO1RKow","4atX42sPpBjps4pIDoFFNk","4daoOHsk5GHb88/6LxA/Qj","51dN6edCZEALxSN3w4893T","54yXtrZK1FKa5PCE9VJBHc","5ca7JnXWtDeJ6vg7jrd+KB","684f1efWpD4Y6tOGqa7m13","6bmjzeg5dGSK5iBS9zNFWB","79FHIH06FEOYCbKgW25TK5","7e7aU0kBlEt42RfATiNthU","80tCQ2IpBFcL/0VFGpuGIT","83DElqfmlO47q+To2STiFq","85Ha7XrEZBZKHK9cIHUoOh","85N+lqwzdPz62XF/LY2HSb","88MUt0A5dLX4qrIgYrwfoy","8brxvoV+JJ9bF79cdsnJp2","8c/lIIzzhDraiGd05t5JLq","8enojD9wJNiqENsPDbPYGm","90K7PqnelF7JXfegQDfNp2","95adJN1cVBQ5ztnZRfC2KZ","a2MjXRFdtLlYQ5ouAFv/+R","a5FwmFGNxLSIGf1Sct8Q3l","acWcjxjVxBQYlme9unQEGM","b2lIF4gftK+KWqSPIvxZrn","cetZLaMLxP57a0stB/RdQi","d3Pt8V5flNNLS5tZ/I+uaX","d7wBPNz5VCRIHOcJ2Lx7SN","d9lOiKZb9PQZ2M0uVotFKN","de/lJGffxFILN31m/JQIXg","e2pzBM9rhDKo/lQQ0FvVmy","eaCfie9ShLQr2LWAKZPu9k","ecpdLyjvZBwrvm+cedCcQy","edGTUoqepFcLW85ZLbc0WB","eeyOdzbS1AfZIXybxJ3Zgx","f1tyYmwzhJhrGJkS7d7jDm","f7RVDZXyFLAJGaXMfM6Qbi","ffDUs/ni5GqZ9lh8ltGtNZ"],"scenes":{"db://assets/scenes/1.fire":0},"redirect":[1,0,2,1,3,0,4,0,5,0,6,0,7,0,8,0,9,0,10,0,11,0,12,0,13,0,14,0,15,0,16,0,17,0,18,0,19,0,20,0,21,0,22,0,23,0,24,0,25,0,26,0,27,0,29,0,30,0,31,0,32,0,33,0,34,0,35,0,36,0,37,0,38,0,39,1,40,0,41,0,42,0,43,0,44,0],"deps":["resources","internal"],"packs":{"07cb09d77":[0,28]},"name":"main","importBase":"import","nativeBase":"native","debug":false,"isZip":false,"encrypted":true,"versions":{"import":["07cb09d77","ff44e"],"native":[]}}