[{"__type__":"cc.AudioClip","_name":"js1","_native":".mp3","duration":1.541224},{"__type__":"dragonBones.DragonBonesAsset","_name":"js1_ske","_dragonBonesJson":"{\"frameRate\":24,\"armature\":[{\"defaultActions\":[{\"gotoAndPlay\":\"zou\"}],\"aabb\":{\"width\":268.63824775816033,\"y\":-423.4171605714713,\"height\":435.2559730591664,\"x\":-142.7523488008466},\"slot\":[{\"name\":\"图层_1\",\"parent\":\"图层_12\",\"color\":{}},{\"z\":1,\"name\":\"腿\",\"parent\":\"腿3\",\"color\":{}},{\"z\":2,\"name\":\"腿1\",\"parent\":\"腿12\",\"color\":{}},{\"z\":3,\"name\":\"身体\",\"parent\":\"身体\",\"color\":{}},{\"z\":4,\"name\":\"手\",\"parent\":\"手2\",\"color\":{}},{\"z\":5,\"name\":\"头\",\"parent\":\"头\",\"color\":{}}],\"type\":\"Armature\",\"frameRate\":24,\"animation\":[{\"bone\":[{\"rotateFrame\":[],\"scaleFrame\":[],\"translateFrame\":[],\"name\":\"root\"},{\"rotateFrame\":[{\"tweenEasing\":0,\"duration\":24},{\"duration\":0}],\"scaleFrame\":[{\"tweenEasing\":0,\"duration\":24},{\"duration\":0}],\"translateFrame\":[{\"tweenEasing\":0,\"duration\":12},{\"y\":5.8727,\"tweenEasing\":0,\"duration\":12,\"x\":-10.8808},{\"duration\":0}],\"name\":\"身体\"},{\"rotateFrame\":[{\"tweenEasing\":0,\"duration\":24},{\"duration\":0}],\"scaleFrame\":[{\"tweenEasing\":0,\"duration\":24},{\"duration\":0}],\"translateFrame\":[{\"tweenEasing\":0,\"duration\":12},{\"y\":4.1455,\"tweenEasing\":0,\"duration\":12,\"x\":117.1618},{\"duration\":0}],\"name\":\"bone_ikTarget3\"},{\"rotateFrame\":[{\"tweenEasing\":0,\"duration\":24},{\"duration\":0}],\"scaleFrame\":[{\"tweenEasing\":0,\"duration\":24},{\"duration\":0}],\"translateFrame\":[{\"tweenEasing\":0,\"duration\":12},{\"y\":-3.2927,\"tweenEasing\":0,\"duration\":12,\"x\":-72.6084},{\"duration\":0}],\"name\":\"bone_ikTarget1\"},{\"rotateFrame\":[{\"tweenEasing\":0,\"duration\":24},{\"duration\":0}],\"scaleFrame\":[{\"tweenEasing\":0,\"duration\":24},{\"duration\":0}],\"translateFrame\":[{\"y\":0.5608,\"tweenEasing\":0,\"duration\":2,\"x\":-5.3367},{\"y\":1.21,\"tweenEasing\":0,\"duration\":12},{\"y\":3.0814,\"tweenEasing\":0,\"duration\":10,\"x\":-28.4282},{\"y\":0.5608,\"duration\":0,\"x\":-5.3367}],\"name\":\"bone_ikTarget5\"},{\"rotateFrame\":[{\"tweenEasing\":0,\"duration\":24},{\"duration\":0}],\"scaleFrame\":[{\"tweenEasing\":0,\"duration\":24},{\"duration\":0}],\"translateFrame\":[{\"tweenEasing\":0,\"duration\":12},{\"y\":7.1187,\"tweenEasing\":0,\"duration\":12,\"x\":18.5087},{\"duration\":0}],\"name\":\"bone_ikTarget7\"},{\"rotateFrame\":[],\"scaleFrame\":[],\"translateFrame\":[],\"name\":\"图层_1\"},{\"rotateFrame\":[],\"scaleFrame\":[],\"translateFrame\":[],\"name\":\"手\"},{\"rotateFrame\":[],\"scaleFrame\":[],\"translateFrame\":[],\"name\":\"腿1\"},{\"rotateFrame\":[],\"scaleFrame\":[],\"translateFrame\":[],\"name\":\"bone_ikTarget2\"},{\"rotateFrame\":[],\"scaleFrame\":[],\"translateFrame\":[],\"name\":\"bone_ikTarget4\"},{\"rotateFrame\":[{\"tweenEasing\":0,\"duration\":12},{\"tweenEasing\":0,\"duration\":12,\"rotate\":6.6},{\"duration\":0}],\"scaleFrame\":[{\"tweenEasing\":0,\"duration\":24},{\"duration\":0}],\"translateFrame\":[{\"tweenEasing\":0,\"duration\":24},{\"duration\":0}],\"name\":\"头\"},{\"rotateFrame\":[],\"scaleFrame\":[],\"translateFrame\":[],\"name\":\"bone_ikTarget\"},{\"rotateFrame\":[],\"scaleFrame\":[],\"translateFrame\":[],\"name\":\"腿\"},{\"rotateFrame\":[],\"scaleFrame\":[],\"translateFrame\":[],\"name\":\"bone_ikTarget6\"},{\"rotateFrame\":[],\"scaleFrame\":[],\"translateFrame\":[],\"name\":\"腿2\"},{\"rotateFrame\":[],\"scaleFrame\":[],\"translateFrame\":[],\"name\":\"腿11\"},{\"rotateFrame\":[],\"scaleFrame\":[],\"translateFrame\":[],\"name\":\"手1\"},{\"rotateFrame\":[],\"scaleFrame\":[],\"translateFrame\":[],\"name\":\"图层_11\"},{\"rotateFrame\":[],\"scaleFrame\":[],\"translateFrame\":[],\"name\":\"图层_12\"},{\"rotateFrame\":[],\"scaleFrame\":[],\"translateFrame\":[],\"name\":\"腿3\"},{\"rotateFrame\":[],\"scaleFrame\":[],\"translateFrame\":[],\"name\":\"手2\"},{\"rotateFrame\":[],\"scaleFrame\":[],\"translateFrame\":[],\"name\":\"腿12\"}],\"frame\":[],\"slot\":[{\"displayFrame\":[],\"name\":\"图层_1\",\"colorFrame\":[]},{\"displayFrame\":[],\"name\":\"腿\",\"colorFrame\":[]},{\"displayFrame\":[],\"name\":\"腿1\",\"colorFrame\":[]},{\"displayFrame\":[],\"name\":\"身体\",\"colorFrame\":[]},{\"displayFrame\":[],\"name\":\"手\",\"colorFrame\":[]},{\"displayFrame\":[],\"name\":\"头\",\"colorFrame\":[]}],\"ik\":[{\"frame\":[{\"bendPositive\":true,\"tweenEasing\":0,\"duration\":24,\"weight\":1},{\"bendPositive\":true,\"tweenEasing\":null,\"duration\":0,\"weight\":1}],\"offset\":0,\"name\":\"bone_ik1\",\"scale\":1},{\"frame\":[{\"bendPositive\":true,\"tweenEasing\":0,\"duration\":24,\"weight\":1},{\"bendPositive\":true,\"tweenEasing\":null,\"duration\":0,\"weight\":1}],\"offset\":0,\"name\":\"bone_ik7\",\"scale\":1},{\"frame\":[{\"bendPositive\":true,\"tweenEasing\":0,\"duration\":24,\"weight\":1},{\"bendPositive\":true,\"tweenEasing\":null,\"duration\":0,\"weight\":1}],\"offset\":0,\"name\":\"bone_ik3\",\"scale\":1},{\"frame\":[{\"bendPositive\":true,\"tweenEasing\":0,\"duration\":24,\"weight\":1},{\"bendPositive\":true,\"tweenEasing\":null,\"duration\":0,\"weight\":1}],\"offset\":0,\"name\":\"bone_ik5\",\"scale\":1}],\"playTimes\":0,\"ffd\":[],\"name\":\"zou\",\"duration\":24},{\"bone\":[{\"rotateFrame\":[],\"scaleFrame\":[],\"translateFrame\":[],\"name\":\"root\"},{\"rotateFrame\":[{\"tweenEasing\":0,\"duration\":24},{\"duration\":0}],\"scaleFrame\":[{\"tweenEasing\":0,\"duration\":24},{\"duration\":0}],\"translateFrame\":[{\"tweenEasing\":0,\"duration\":12},{\"y\":5.8727,\"tweenEasing\":0,\"duration\":12,\"x\":-10.8808},{\"duration\":0}],\"name\":\"身体\"},{\"rotateFrame\":[{\"tweenEasing\":0,\"duration\":24},{\"duration\":0}],\"scaleFrame\":[{\"tweenEasing\":0,\"duration\":24},{\"duration\":0}],\"translateFrame\":[{\"tweenEasing\":0,\"duration\":12},{\"y\":4.1455,\"tweenEasing\":0,\"duration\":12,\"x\":117.1618},{\"duration\":0}],\"name\":\"bone_ikTarget3\"},{\"rotateFrame\":[{\"tweenEasing\":0,\"duration\":24},{\"duration\":0}],\"scaleFrame\":[{\"tweenEasing\":0,\"duration\":24},{\"duration\":0}],\"translateFrame\":[{\"tweenEasing\":0,\"duration\":12},{\"y\":-3.2927,\"tweenEasing\":0,\"duration\":12,\"x\":-72.6084},{\"duration\":0}],\"name\":\"bone_ikTarget1\"},{\"rotateFrame\":[{\"tweenEasing\":0,\"duration\":24},{\"duration\":0}],\"scaleFrame\":[{\"tweenEasing\":0,\"duration\":24},{\"duration\":0}],\"translateFrame\":[{\"y\":0.5608,\"tweenEasing\":0,\"duration\":2,\"x\":-5.3367},{\"y\":1.21,\"tweenEasing\":0,\"duration\":12},{\"y\":3.0814,\"tweenEasing\":0,\"duration\":10,\"x\":-28.4282},{\"y\":0.5608,\"duration\":0,\"x\":-5.3367}],\"name\":\"bone_ikTarget5\"},{\"rotateFrame\":[{\"tweenEasing\":0,\"duration\":24},{\"duration\":0}],\"scaleFrame\":[{\"tweenEasing\":0,\"duration\":24},{\"duration\":0}],\"translateFrame\":[{\"tweenEasing\":0,\"duration\":12},{\"y\":7.1187,\"tweenEasing\":0,\"duration\":12,\"x\":18.5087},{\"duration\":0}],\"name\":\"bone_ikTarget7\"},{\"rotateFrame\":[],\"scaleFrame\":[],\"translateFrame\":[],\"name\":\"图层_1\"},{\"rotateFrame\":[],\"scaleFrame\":[],\"translateFrame\":[],\"name\":\"手\"},{\"rotateFrame\":[],\"scaleFrame\":[],\"translateFrame\":[],\"name\":\"腿1\"},{\"rotateFrame\":[],\"scaleFrame\":[],\"translateFrame\":[],\"name\":\"bone_ikTarget2\"},{\"rotateFrame\":[],\"scaleFrame\":[],\"translateFrame\":[],\"name\":\"bone_ikTarget4\"},{\"rotateFrame\":[{\"tweenEasing\":0,\"duration\":12},{\"tweenEasing\":0,\"duration\":12,\"rotate\":6.6},{\"duration\":0,\"rotate\":-54.3634}],\"scaleFrame\":[{\"tweenEasing\":0,\"duration\":24},{\"duration\":0}],\"translateFrame\":[{\"tweenEasing\":0,\"duration\":16},{\"tweenEasing\":0,\"duration\":1},{\"y\":-119.2034,\"tweenEasing\":0,\"duration\":7,\"x\":-147.5882},{\"y\":-133.7512,\"duration\":0,\"x\":-166.0308}],\"name\":\"头\"},{\"rotateFrame\":[],\"scaleFrame\":[],\"translateFrame\":[],\"name\":\"bone_ikTarget\"},{\"rotateFrame\":[],\"scaleFrame\":[],\"translateFrame\":[],\"name\":\"腿\"},{\"rotateFrame\":[],\"scaleFrame\":[],\"translateFrame\":[],\"name\":\"bone_ikTarget6\"},{\"rotateFrame\":[],\"scaleFrame\":[],\"translateFrame\":[],\"name\":\"腿2\"},{\"rotateFrame\":[],\"scaleFrame\":[],\"translateFrame\":[],\"name\":\"腿11\"},{\"rotateFrame\":[],\"scaleFrame\":[],\"translateFrame\":[],\"name\":\"手1\"},{\"rotateFrame\":[],\"scaleFrame\":[],\"translateFrame\":[],\"name\":\"图层_11\"},{\"rotateFrame\":[],\"scaleFrame\":[],\"translateFrame\":[],\"name\":\"图层_12\"},{\"rotateFrame\":[],\"scaleFrame\":[],\"translateFrame\":[],\"name\":\"腿3\"},{\"rotateFrame\":[],\"scaleFrame\":[],\"translateFrame\":[],\"name\":\"手2\"},{\"rotateFrame\":[],\"scaleFrame\":[],\"translateFrame\":[],\"name\":\"腿12\"}],\"frame\":[],\"slot\":[{\"displayFrame\":[],\"name\":\"图层_1\",\"colorFrame\":[]},{\"displayFrame\":[],\"name\":\"腿\",\"colorFrame\":[]},{\"displayFrame\":[],\"name\":\"腿1\",\"colorFrame\":[]},{\"displayFrame\":[],\"name\":\"身体\",\"colorFrame\":[]},{\"displayFrame\":[],\"name\":\"手\",\"colorFrame\":[]},{\"displayFrame\":[],\"name\":\"头\",\"colorFrame\":[]}],\"ik\":[{\"frame\":[{\"bendPositive\":true,\"tweenEasing\":0,\"duration\":24,\"weight\":1},{\"bendPositive\":true,\"tweenEasing\":null,\"duration\":0,\"weight\":1}],\"offset\":0,\"name\":\"bone_ik1\",\"scale\":1},{\"frame\":[{\"bendPositive\":true,\"tweenEasing\":0,\"duration\":24,\"weight\":1},{\"bendPositive\":true,\"tweenEasing\":null,\"duration\":0,\"weight\":1}],\"offset\":0,\"name\":\"bone_ik7\",\"scale\":1},{\"frame\":[{\"bendPositive\":true,\"tweenEasing\":0,\"duration\":24,\"weight\":1},{\"bendPositive\":true,\"tweenEasing\":null,\"duration\":0,\"weight\":1}],\"offset\":0,\"name\":\"bone_ik3\",\"scale\":1},{\"frame\":[{\"bendPositive\":true,\"tweenEasing\":0,\"duration\":24,\"weight\":1},{\"bendPositive\":true,\"tweenEasing\":null,\"duration\":0,\"weight\":1}],\"offset\":0,\"name\":\"bone_ik5\",\"scale\":1}],\"playTimes\":0,\"ffd\":[],\"name\":\"si\",\"duration\":24},{\"bone\":[{\"rotateFrame\":[],\"scaleFrame\":[],\"translateFrame\":[],\"name\":\"root\"},{\"rotateFrame\":[{\"tweenEasing\":0,\"duration\":24},{\"duration\":0}],\"scaleFrame\":[{\"tweenEasing\":0,\"duration\":24},{\"duration\":0}],\"translateFrame\":[{\"tweenEasing\":0,\"duration\":12},{\"y\":5.8727,\"tweenEasing\":0,\"duration\":12,\"x\":-10.8808},{\"duration\":0}],\"name\":\"身体\"},{\"rotateFrame\":[{\"tweenEasing\":0,\"duration\":24},{\"duration\":0}],\"scaleFrame\":[{\"tweenEasing\":0,\"duration\":24},{\"duration\":0}],\"translateFrame\":[{\"tweenEasing\":0,\"duration\":12},{\"y\":4.1455,\"tweenEasing\":0,\"duration\":12,\"x\":117.1618},{\"duration\":0}],\"name\":\"bone_ikTarget3\"},{\"rotateFrame\":[{\"tweenEasing\":0,\"duration\":24},{\"duration\":0}],\"scaleFrame\":[{\"tweenEasing\":0,\"duration\":24},{\"duration\":0}],\"translateFrame\":[{\"tweenEasing\":0,\"duration\":12},{\"y\":-3.2927,\"tweenEasing\":0,\"duration\":12,\"x\":-72.6084},{\"duration\":0}],\"name\":\"bone_ikTarget1\"},{\"rotateFrame\":[{\"tweenEasing\":0,\"duration\":24},{\"duration\":0}],\"scaleFrame\":[{\"tweenEasing\":0,\"duration\":24},{\"duration\":0}],\"translateFrame\":[{\"y\":0.5608,\"tweenEasing\":0,\"duration\":2,\"x\":-5.3367},{\"y\":1.21,\"tweenEasing\":0,\"duration\":12},{\"y\":3.0814,\"tweenEasing\":0,\"duration\":10,\"x\":-28.4282},{\"y\":0.5608,\"duration\":0,\"x\":-5.3367}],\"name\":\"bone_ikTarget5\"},{\"rotateFrame\":[{\"tweenEasing\":0,\"duration\":9},{\"tweenEasing\":0,\"duration\":15,\"rotate\":-0.0541},{\"duration\":0}],\"scaleFrame\":[{\"tweenEasing\":0,\"duration\":24},{\"duration\":0}],\"translateFrame\":[{\"tweenEasing\":0,\"duration\":9},{\"y\":-144.3482,\"tweenEasing\":0,\"duration\":5,\"x\":-126.2874},{\"y\":-62.4546,\"tweenEasing\":0,\"duration\":10,\"x\":-62.7433},{\"duration\":0}],\"name\":\"bone_ikTarget7\"},{\"rotateFrame\":[],\"scaleFrame\":[],\"translateFrame\":[],\"name\":\"图层_1\"},{\"rotateFrame\":[],\"scaleFrame\":[],\"translateFrame\":[],\"name\":\"手\"},{\"rotateFrame\":[],\"scaleFrame\":[],\"translateFrame\":[],\"name\":\"腿1\"},{\"rotateFrame\":[],\"scaleFrame\":[],\"translateFrame\":[],\"name\":\"bone_ikTarget2\"},{\"rotateFrame\":[],\"scaleFrame\":[],\"translateFrame\":[],\"name\":\"bone_ikTarget4\"},{\"rotateFrame\":[{\"tweenEasing\":0,\"duration\":12},{\"tweenEasing\":0,\"duration\":12,\"rotate\":6.6},{\"duration\":0}],\"scaleFrame\":[{\"tweenEasing\":0,\"duration\":24},{\"duration\":0}],\"translateFrame\":[{\"tweenEasing\":0,\"duration\":24},{\"duration\":0}],\"name\":\"头\"},{\"rotateFrame\":[],\"scaleFrame\":[],\"translateFrame\":[],\"name\":\"bone_ikTarget\"},{\"rotateFrame\":[],\"scaleFrame\":[],\"translateFrame\":[],\"name\":\"腿\"},{\"rotateFrame\":[{\"duration\":9},{\"duration\":15,\"rotate\":-2.0682}],\"scaleFrame\":[],\"translateFrame\":[{\"duration\":9},{\"y\":65.4829,\"tweenEasing\":0,\"duration\":3,\"x\":19.51},{\"y\":46.0542,\"tweenEasing\":0,\"duration\":2,\"x\":2.1751},{\"y\":46.0542,\"duration\":10,\"x\":2.1751}],\"name\":\"bone_ikTarget6\"},{\"rotateFrame\":[],\"scaleFrame\":[],\"translateFrame\":[],\"name\":\"腿2\"},{\"rotateFrame\":[],\"scaleFrame\":[],\"translateFrame\":[],\"name\":\"腿11\"},{\"rotateFrame\":[],\"scaleFrame\":[],\"translateFrame\":[],\"name\":\"手1\"},{\"rotateFrame\":[],\"scaleFrame\":[],\"translateFrame\":[],\"name\":\"图层_11\"},{\"rotateFrame\":[],\"scaleFrame\":[],\"translateFrame\":[],\"name\":\"图层_12\"},{\"rotateFrame\":[],\"scaleFrame\":[],\"translateFrame\":[],\"name\":\"腿3\"},{\"rotateFrame\":[],\"scaleFrame\":[],\"translateFrame\":[],\"name\":\"手2\"},{\"rotateFrame\":[],\"scaleFrame\":[],\"translateFrame\":[],\"name\":\"腿12\"}],\"frame\":[],\"slot\":[{\"displayFrame\":[],\"name\":\"图层_1\",\"colorFrame\":[]},{\"displayFrame\":[],\"name\":\"腿\",\"colorFrame\":[]},{\"displayFrame\":[],\"name\":\"腿1\",\"colorFrame\":[]},{\"displayFrame\":[],\"name\":\"身体\",\"colorFrame\":[]},{\"displayFrame\":[],\"name\":\"手\",\"colorFrame\":[]},{\"displayFrame\":[],\"name\":\"头\",\"colorFrame\":[]}],\"ik\":[{\"frame\":[{\"bendPositive\":true,\"tweenEasing\":0,\"duration\":24,\"weight\":1},{\"bendPositive\":true,\"tweenEasing\":null,\"duration\":0,\"weight\":1}],\"offset\":0,\"name\":\"bone_ik1\",\"scale\":1},{\"frame\":[{\"bendPositive\":true,\"tweenEasing\":0,\"duration\":24,\"weight\":1},{\"bendPositive\":true,\"tweenEasing\":null,\"duration\":0,\"weight\":1}],\"offset\":0,\"name\":\"bone_ik7\",\"scale\":1},{\"frame\":[{\"bendPositive\":true,\"tweenEasing\":0,\"duration\":24,\"weight\":1},{\"bendPositive\":true,\"tweenEasing\":null,\"duration\":0,\"weight\":1}],\"offset\":0,\"name\":\"bone_ik3\",\"scale\":1},{\"frame\":[{\"bendPositive\":true,\"tweenEasing\":0,\"duration\":24,\"weight\":1},{\"bendPositive\":true,\"tweenEasing\":null,\"duration\":0,\"weight\":1}],\"offset\":0,\"name\":\"bone_ik5\",\"scale\":1}],\"playTimes\":0,\"ffd\":[],\"name\":\"zhua\",\"duration\":24}],\"ik\":[{\"target\":\"bone_ikTarget\",\"bone\":\"腿11\",\"bendPositive\":\"false\",\"name\":\"bone_ik\",\"chain\":1},{\"target\":\"bone_ikTarget4\",\"bone\":\"手1\",\"name\":\"bone_ik4\",\"chain\":1},{\"target\":\"bone_ikTarget6\",\"bone\":\"图层_11\",\"bendPositive\":\"false\",\"name\":\"bone_ik6\",\"chain\":1},{\"target\":\"bone_ikTarget2\",\"bone\":\"腿2\",\"bendPositive\":\"false\",\"name\":\"bone_ik2\",\"chain\":1},{\"bone\":\"图层_12\",\"name\":\"bone_ik7\",\"target\":\"bone_ikTarget7\"},{\"bone\":\"腿3\",\"name\":\"bone_ik3\",\"target\":\"bone_ikTarget3\"},{\"bone\":\"手2\",\"name\":\"bone_ik5\",\"target\":\"bone_ikTarget5\"},{\"bone\":\"腿12\",\"name\":\"bone_ik1\",\"target\":\"bone_ikTarget1\"}],\"bone\":[{\"name\":\"root\",\"transform\":{}},{\"length\":112,\"transform\":{\"y\":-181.75,\"skX\":-118.104,\"skY\":-118.104,\"x\":32.1},\"parent\":\"root\",\"name\":\"身体\"},{\"inheritRotation\":false,\"inheritScale\":false,\"transform\":{\"y\":-32.1569,\"x\":-67.9641},\"name\":\"bone_ikTarget3\",\"parent\":\"root\"},{\"inheritRotation\":false,\"inheritScale\":false,\"transform\":{\"y\":-26.5623,\"x\":22.57},\"name\":\"bone_ikTarget1\",\"parent\":\"root\"},{\"inheritRotation\":false,\"inheritScale\":false,\"transform\":{\"y\":-89.6795,\"x\":18.5826},\"name\":\"bone_ikTarget5\",\"parent\":\"root\"},{\"transform\":{\"y\":-83.4277,\"x\":-44.8118},\"name\":\"bone_ikTarget7\",\"parent\":\"root\"},{\"length\":89,\"transform\":{\"y\":22.1595,\"skX\":-146.217,\"skY\":-146.217,\"x\":-9.4534},\"parent\":\"身体\",\"name\":\"腿1\"},{\"length\":72,\"transform\":{\"y\":24.1871,\"skX\":-148.8253,\"skY\":-148.8253,\"x\":83.5014},\"parent\":\"身体\",\"name\":\"手\"},{\"length\":68,\"transform\":{\"y\":-6.8458,\"skX\":-140.938,\"skY\":-140.938,\"x\":104.042},\"parent\":\"身体\",\"name\":\"图层_1\"},{\"transform\":{\"y\":-8.0593,\"x\":51.3656},\"name\":\"bone_ikTarget2\",\"parent\":\"bone_ikTarget3\"},{\"transform\":{\"y\":-48.0825,\"x\":-10.9227},\"name\":\"bone_ikTarget4\",\"parent\":\"bone_ikTarget5\"},{\"length\":93,\"transform\":{\"y\":-8.3115,\"skX\":2.8767,\"skY\":2.8767,\"x\":113.6133},\"parent\":\"身体\",\"name\":\"头\"},{\"transform\":{\"y\":-13.5366,\"x\":65.3699},\"name\":\"bone_ikTarget\",\"parent\":\"bone_ikTarget1\"},{\"length\":76,\"transform\":{\"y\":-6.2996,\"skX\":-130.5118,\"skY\":-130.5118,\"x\":6.1417},\"parent\":\"身体\",\"name\":\"腿\"},{\"transform\":{\"y\":-55.4717,\"x\":1.7827},\"name\":\"bone_ikTarget6\",\"parent\":\"bone_ikTarget7\"},{\"length\":59,\"transform\":{\"skX\":8.5699,\"skY\":8.5699,\"x\":72.8045},\"parent\":\"手\",\"name\":\"手1\"},{\"length\":65,\"transform\":{\"skX\":-33.6204,\"skY\":-33.6204,\"x\":89.8247},\"parent\":\"腿1\",\"name\":\"腿11\"},{\"length\":74,\"transform\":{\"skX\":-13.4346,\"skY\":-13.4346,\"x\":76.5178},\"parent\":\"腿\",\"name\":\"腿2\"},{\"length\":64,\"transform\":{\"y\":0.2771,\"skX\":-4.9677,\"skY\":-4.9677,\"x\":69.0619},\"parent\":\"图层_1\",\"name\":\"图层_11\"},{\"length\":53,\"transform\":{\"skX\":-3.2871,\"skY\":-3.2871,\"x\":64.2006},\"parent\":\"图层_11\",\"name\":\"图层_12\"},{\"length\":50,\"transform\":{\"skX\":73.9842,\"skY\":73.9842,\"x\":74.1122},\"parent\":\"腿2\",\"name\":\"腿3\"},{\"length\":47,\"transform\":{\"y\":-0.3918,\"skX\":-23.0914,\"skY\":-23.0914,\"x\":59.3925},\"parent\":\"手1\",\"name\":\"手2\"},{\"length\":65,\"transform\":{\"skX\":107.4779,\"skY\":107.4779,\"x\":65.7635},\"parent\":\"腿11\",\"name\":\"腿12\"}],\"skin\":[{\"name\":\"\",\"slot\":[{\"display\":[{\"width\":61,\"bonePose\":[7,-0.05356809320273104,0.9985641989329594,-0.9985641989329598,-0.05356809320273126,14.100000000000001,-266.8,15,-0.20177152624405534,0.9794326169763512,-0.9794326169763516,-0.2017715262440555,10.199999999999996,-194.09999999999994,21,0.19852679887359415,0.9800954597022695,-0.9800954597022699,0.19852679887359384,-1.3999999999999977,-135.85],\"vertices\":[10.9,-104,3.5,-104,-2.8,-99.2,-9.55,-86.4,-11.85,-73.45,-11.6,-46.9,-11.1,-34.2,-12.7,-29.95,-8.45,-23.8,-11.7,-21.9,-10.95,-13.6,-14.7,0.1,-17.85,13.4,-20,13.9,-23.4,25.25,-23.9,33.65,-23.55,35.9,-20.25,37.55,-25.55,47,-27.05,57.8,-25.55,68.85,-30.55,78.9,-30.55,90.55,-28.1,104,-17.15,104,-12.6,102.25,-11.35,98.85,-15.9,86.95,-13.6,78.25,-11.55,87.3,-6.7,97.1,-0.95,98.35,1.35,103.25,7.65,103.75,14.35,99.25,14.9,93.45,21.8,91.45,23.5,81,29.1,79,30.5,70.85,30.5,62.9,23.9,59.65,16.15,59.25,12.45,56.5,11.4,49.2,8.8,42.05,16.95,39.8,18,19.95,15.45,18.45,15.85,1.35,16.05,-9.6,24.35,-17.5,22.2,-18.5,23.7,-24.8,19.2,-29.55,19.45,-31.95,24.1,-31.95,24.6,-51.7,24.1,-69.9,23,-82.35,18.45,-99.2],\"slotPose\":[1,-8.326672684688674e-17,8.326672684688674e-17,1,7.500000000000007,-173.88585017835905],\"path\":\"1/手\",\"uvs\":[0.67869,0,0.55738,0,0.4541,0.02308,0.34344,0.08462,0.30574,0.14687,0.30984,0.27452,0.31803,0.33558,0.2918,0.35601,0.36148,0.38558,0.3082,0.39471,0.32049,0.43462,0.25902,0.50048,0.20738,0.56442,0.17213,0.56683,0.11639,0.62139,0.1082,0.66178,0.11393,0.6726,0.16803,0.68053,0.08115,0.72596,0.05656,0.77788,0.08115,0.83101,-0.00082,0.87933,-0.00082,0.93534,0.03934,1,0.21885,1,0.29344,0.99159,0.31393,0.97524,0.23934,0.91803,0.27705,0.8762,0.31066,0.91971,0.39016,0.96683,0.48443,0.97284,0.52213,0.99639,0.62541,0.9988,0.73525,0.97716,0.74426,0.94928,0.85738,0.93966,0.88525,0.88942,0.97705,0.87981,1,0.84062,1,0.8024,0.8918,0.78678,0.76475,0.78486,0.7041,0.77163,0.68689,0.73654,0.64426,0.70216,0.77787,0.69135,0.79508,0.59591,0.75328,0.5887,0.75984,0.50649,0.76311,0.45385,0.89918,0.41587,0.86393,0.41106,0.88852,0.38077,0.81475,0.35793,0.81885,0.34639,0.89508,0.34639,0.90328,0.25144,0.89508,0.16394,0.87705,0.10409,0.80246,0.02308],\"weights\":[3,7,0.9738768588097788,15,0.019428055390207723,21,0.006695085800013461,3,7,0.9752367645947742,15,0.01840623230124692,21,0.006357003103979019,3,7,0.9735452729018151,15,0.019857841348599716,21,0.006596885749585172,3,7,0.9336869577394845,15,0.051302559235223956,21,0.015010483025291446,3,7,0.8900966148126633,15,0.08828437521499846,21,0.02161900997233828,3,7,0.7672297506865826,15,0.20655218721663654,21,0.026218062096780865,3,7,0.6300183092694657,15,0.3445169540827241,21,0.02546473664781015,3,7,0.5506413060815688,15,0.4193366966048441,21,0.03002199731358714,3,7,0.5079588052014203,15,0.47500063273168525,21,0.017040562066894395,3,7,0.48503419865987213,15,0.4867581311207156,21,0.028207670219412295,3,7,0.3616261615680688,15,0.6055324223736653,21,0.03284141605826593,3,7,0.16701514646593935,15,0.7479092407820226,21,0.08507561275203818,3,7,0.08081265764599166,15,0.7299684218063911,21,0.18921892054761721,3,7,0.09233284454146513,15,0.680484005119704,21,0.22718315033883096,3,7,0.05243844164404067,15,0.5513006142480605,21,0.39626094410789886,3,7,0.03107261550732929,15,0.498403385163762,21,0.4705239993289087,3,7,0.026469274708231415,15,0.498821132557681,21,0.4747095927340876,3,7,0.015594930852479018,15,0.5060345810114221,21,0.4783704881360989,3,7,0.030478466219283268,21,0.5049776890149927,15,0.464543844765724,3,7,0.038732924567611654,21,0.5833253045914207,15,0.37794177084096753,3,7,0.03881761004124471,21,0.6845216196361061,15,0.27666077032264913,3,7,0.052579015061406185,21,0.6778689224349898,15,0.2695520625036041,3,7,0.05349870546648902,21,0.7241967860888027,15,0.22230450844470834,3,7,0.05500760126636176,21,0.7537708590530978,15,0.19122153968054034,3,7,0.03661861194541381,21,0.8322712414172676,15,0.13111014663731854,3,7,0.02809946609812377,21,0.8685366488983151,15,0.10336388500356115,3,7,0.021856108017278407,21,0.8934597198387014,15,0.08468417214402023,3,7,0.020181942942970592,21,0.882243671051315,15,0.09757438600571437,3,7,0.014104717487600523,21,0.9006164871584136,15,0.0852787953539858,3,7,0.011984363007275433,21,0.930292641215335,15,0.057722995777389596,3,7,0.014529704892386953,21,0.9279994974474204,15,0.05747079766019263,3,7,0.013445054912811281,21,0.9355837124300681,15,0.050971232657120634,3,7,0.02150097674065635,21,0.9034543497568526,15,0.0750446735024912,3,7,0.02504968000254364,21,0.8912051784930803,15,0.08374514150437604,3,7,0.025745856098537075,21,0.8880260037696617,15,0.08622814013180123,3,7,0.020314197129607567,21,0.9070012452968453,15,0.07268455757354704,3,7,0.033502720941694715,21,0.8536783837950969,15,0.11281889526320846,3,7,0.04053250933055329,21,0.8108286892563772,15,0.1486388014130695,3,7,0.05890241519637264,21,0.7431543017358608,15,0.19794328306776665,3,7,0.07479858074098844,21,0.6685172832063381,15,0.25668413605267354,3,7,0.0876426050820328,21,0.6036397899654526,15,0.3087176049525144,3,7,0.0696601249153896,21,0.6243540797695148,15,0.30598579531509545,3,7,0.04355509633066846,21,0.6972281715591183,15,0.2592167321102132,3,7,0.03464207402994299,21,0.7097558530430635,15,0.2556020729269935,3,7,0.03852626466250697,21,0.6169596778186774,15,0.3445140575188155,3,7,0.03660830241937872,21,0.5364656482939248,15,0.4269260492866964,3,7,0.07698662437532906,21,0.4810393698712691,15,0.4419740057534018,3,7,0.15616031534412703,15,0.5598028600650001,21,0.2840368245908727,3,7,0.14415981150337262,15,0.6020507507152635,21,0.2537894377813639,3,7,0.27724201835349976,15,0.6276128436489552,21,0.09514513799754523,3,7,0.4108487128837756,15,0.5454711981934162,21,0.04368008892280836,3,7,0.4714800461121037,15,0.4745917620011159,21,0.05392819188678043,3,7,0.47688567898677015,15,0.47902712302691985,21,0.04408719798631012,3,7,0.4962078742871856,15,0.46126309517034997,21,0.042529030542464506,3,7,0.5688906354042781,15,0.4040063648896338,21,0.027102999706088156,3,7,0.600628447448227,15,0.3720752686173069,21,0.027296283934466068,3,7,0.5574158720078739,15,0.4025332914136407,21,0.04005083657848537,3,7,0.7568340629352784,15,0.2095666340040489,21,0.03359930306067254,3,7,0.8717970059862618,15,0.10425243354009875,21,0.023950560473639613,3,7,0.9210788732692784,15,0.061875130962085585,21,0.01704599576863604,3,7,0.9643877280041664,15,0.02675060371842837,21,0.008861668277405435],\"type\":\"mesh\",\"transform\":{\"y\":-16.274,\"skX\":-78.5492,\"skY\":-78.5492,\"x\":-35.5119},\"edges\":[0,1,1,2,2,3,3,4,4,5,5,6,6,7,7,8,8,9,9,10,10,11,11,12,12,13,13,14,14,15,15,16,16,17,17,18,18,19,19,20,20,21,21,22,22,23,23,24,24,25,25,26,26,27,27,28,28,29,29,30,30,31,31,32,32,33,33,34,34,35,35,36,36,37,37,38,38,39,39,40,40,41,41,42,42,43,43,44,44,45,45,46,46,47,47,48,48,49,49,50,50,51,51,52,52,53,53,54,54,55,55,56,56,57,57,58,58,59,59,60,60,0],\"triangles\":[57,55,56,42,37,39,41,42,39,37,38,39,40,41,39,52,50,51,5,55,57,59,4,58,5,57,58,4,5,58,42,28,37,28,35,37,35,36,37,54,52,53,60,2,59,2,3,59,3,4,59,54,50,52,28,29,35,48,45,46,48,46,47,5,6,55,43,28,42,6,8,55,0,2,60,55,8,54,8,50,54,1,2,0,29,31,35,12,45,48,49,11,48,11,12,48,10,49,50,8,10,50,10,11,49,12,17,45,31,34,35,14,17,12,31,33,34,44,19,43,19,28,43,45,18,44,18,19,44,31,32,33,17,18,45,19,20,28,29,30,31,6,7,8,9,10,8,14,15,17,13,14,12,27,24,26,24,25,26,22,24,27,21,27,28,20,21,28,22,23,24,21,22,27,15,16,17],\"height\":208,\"name\":\"1/手\",\"userEdges\":[]}],\"name\":\"手\"},{\"display\":[{\"width\":127,\"bonePose\":[13,-0.3646210803137436,0.9311559846721913,-0.9311559846721917,-0.3646210803137436,23.650000000000016,-184.19999999999996,17,-0.13830376074905457,0.9903898574615291,-0.9903898574615295,-0.13830376074905468,-4.250000000000061,-112.95000000000006,20,-0.9882320144434061,0.1529623667087031,-0.1529623667087051,-0.9882320144434056,-14.50000000000002,-39.55],\"vertices\":[23.05,-84.5,10.9,-53.75,-6.4,-16.15,-12.3,17.3,-20,40.75,-23.7,44.9,-36,42.35,-47.05,45.35,-55.45,51.05,-61.05,61.8,-63.5,68.35,-63.5,78.1,-59.6,84.5,-4.8,84.5,29.5,81.95,30.2,70.1,33.65,68.1,34.1,56.5,26.35,52.2,27.8,45.5,21.8,39.2,21.65,23.05,31.15,-3.85,44.65,-29.6,59.8,-72.8,63.5,-81.05,41.9,-84.5],\"slotPose\":[0.9999182587708938,-0.012785764606905614,0.012785764606905309,0.9999182587708941,-16.27775111881236,-100.36809161658495],\"path\":\"1/腿\",\"uvs\":[0.6815,0,0.58583,0.18195,0.44961,0.40444,0.40315,0.60237,0.34252,0.74112,0.31339,0.76568,0.21654,0.75059,0.12953,0.76834,0.06339,0.80207,0.01929,0.86568,0,0.90444,0,0.96213,0.03071,1,0.4622,1,0.73228,0.98491,0.7378,0.91479,0.76496,0.90296,0.7685,0.83432,0.70748,0.80888,0.7189,0.76923,0.67165,0.73195,0.67047,0.63639,0.74528,0.47722,0.85157,0.32485,0.97087,0.06923,1,0.02041,0.82992,0],\"weights\":[3,13,0.9360222694777508,17,0.05135268938162315,20,0.012625041140625976,3,13,0.8436164351308482,17,0.1384887994027226,20,0.017894765466429124,3,13,0.482692780462118,17,0.48798985915464754,20,0.02931736038323444,3,13,0.17650452354142182,17,0.6906925463613491,20,0.13280293009722902,3,13,0.06463194341233426,20,0.48688821895841405,17,0.44847983762925164,3,13,0.05001658685015964,20,0.6271589055492436,17,0.3228245076005968,3,13,0.07016127031910983,20,0.685625623837539,17,0.24421310584335107,3,13,0.0555496680794012,20,0.7895455907596903,17,0.15490474116090847,3,13,0.033393305790660036,20,0.8781451650921908,17,0.08846152911714902,3,13,0.01655223358907326,20,0.9363121962724537,17,0.04713557013847297,3,13,0.016994010217639077,20,0.9332355274364214,17,0.04977046234593963,3,13,0.021409381109190936,20,0.9112577056309389,17,0.06733291325987006,3,13,0.024324936043907897,20,0.8915089421719462,17,0.08416612178414587,3,13,0.027429391757398832,20,0.5246416072278918,17,0.44792900101470934,3,13,0.06349908742304171,20,0.4689439290964753,17,0.46755698348048297,3,13,0.06115622543985023,20,0.46969153937623015,17,0.4691522351839197,3,13,0.0738751064818842,20,0.46316964643872016,17,0.46295524707939567,3,13,0.091830252323386,17,0.47234663463793125,20,0.43582311303868276,3,13,0.06649263426578575,17,0.5224267610324373,20,0.41108060470177693,3,13,0.09033762244175296,17,0.5639138180138102,20,0.34574855954443684,3,13,0.07415260049506717,17,0.6950292672652505,20,0.2308181322396824,3,13,0.123213110216715,17,0.7851657749485288,20,0.09162111483475635,3,13,0.461563204594108,17,0.49908499530806893,20,0.039351800097823006,3,13,0.6809609748933944,17,0.2814019781558341,20,0.03763704695077147,3,13,0.9101227199477991,17,0.07036271704214984,20,0.019514563010051004,3,13,0.9166292384257617,17,0.0638642257299565,20,0.019506535844281758,3,13,0.9995371396948877,17,0.00036543405047889937,20,0.00009742625463330618],\"type\":\"mesh\",\"transform\":{\"y\":60.3743,\"skX\":-171.934,\"skY\":-171.934,\"x\":-7.546},\"edges\":[0,1,1,2,2,3,3,4,4,5,5,6,6,7,7,8,8,9,9,10,10,11,11,12,12,13,13,14,14,15,15,16,16,17,17,18,18,19,19,20,20,21,21,22,22,23,23,24,24,25,25,26,26,0],\"triangles\":[1,23,24,26,1,24,26,24,25,0,1,26,2,22,23,1,2,23,18,15,17,17,15,16,2,3,21,2,21,22,13,14,15,18,13,15,20,18,19,20,4,18,4,13,18,21,3,20,4,5,13,3,4,20,5,12,13,9,12,5,6,7,5,7,9,5,8,9,7,9,10,12,10,11,12],\"height\":169,\"name\":\"1/腿\",\"userEdges\":[]}],\"name\":\"腿\"},{\"display\":[{\"width\":166,\"bonePose\":[11,-0.46595032154830274,-0.884810882533118,0.8848108825331188,-0.46595032154830257,-28.75165985484862,-278.05228975327714],\"vertices\":[-81.4,-13.8,-75,-6.65,-79.05,0.35,-79.75,9.7,-77.85,16.5,-74.1,21.4,-76.5,25.9,-74.85,31,-68.45,41.3,-55.5,41.35,-49.3,44.45,-50.85,49.55,-44.7,49.8,-44.85,52.25,-47.15,53.35,-46.9,55.4,-51.75,59.75,-53.3,65.35,-51.65,71.1,-46.9,74.6,-42.75,74.55,-42.65,81.65,-39.85,84,-15.85,85.35,1.15,84.3,26.9,68.95,40.85,47,68.1,16.4,76.2,13.85,83,16.15,83,8.95,77,5.1,71.15,6.55,72.7,2.35,71.35,-21.3,76.2,-20.15,77.85,-25.45,69.3,-29.5,62.8,-44.85,64.95,-50.65,61.6,-53.05,58.95,-50.45,46.65,-62.55,50.15,-66.75,65.5,-65.5,64.55,-71.4,51.65,-75.25,46.05,-73,44,-74.05,44.15,-79.85,38.5,-80.45,36.45,-68,25.2,-70.7,22.65,-77.1,16.8,-77.3,18.05,-72.25,-2.8,-73.2,-20.45,-71.4,-41.4,-64.75,-43.15,-68.1,-37.15,-84.5,-46.8,-87.5,-55.55,-87.5,-48.3,-82,-51.1,-71.4,-58.35,-74.65,-63.25,-70.1,-54.95,-57,-62.4,-49.9,-74.05,-49.6,-76.65,-44.7,-68.05,-43.5,-73.45,-35.75,-79.55,-26.2,-81.9,-18.85],\"slotPose\":[0.9999999999999999,1.3877787807814457e-16,-1.1102230246251565e-16,0.9999999999999998,-53,-319.3858501783591],\"path\":\"1/头\",\"uvs\":[0.00964,0.42114,0.04819,0.462,0.0238,0.502,0.01958,0.55543,0.03102,0.59429,0.05361,0.62229,0.03916,0.648,0.0491,0.67714,0.08765,0.736,0.16566,0.73629,0.20301,0.754,0.19367,0.78314,0.23072,0.78457,0.22982,0.79857,0.21596,0.80486,0.21747,0.81657,0.18825,0.84143,0.17892,0.87343,0.18886,0.90629,0.21747,0.92629,0.24247,0.926,0.24307,0.96657,0.25994,0.98,0.40452,0.98771,0.50693,0.98171,0.66205,0.894,0.74608,0.76857,0.91024,0.59371,0.95904,0.57914,1,0.59229,1,0.55114,0.96386,0.52914,0.92861,0.53743,0.93795,0.51343,0.92982,0.37829,0.95904,0.38486,0.96898,0.35457,0.91747,0.33143,0.87831,0.24371,0.89127,0.21057,0.87108,0.19686,0.85512,0.21171,0.78102,0.14257,0.80211,0.11857,0.89458,0.12571,0.88886,0.092,0.81114,0.07,0.77741,0.08286,0.76506,0.07686,0.76596,0.04371,0.73193,0.04029,0.71958,0.11143,0.65181,0.096,0.63645,0.05943,0.6012,0.05829,0.60873,0.08714,0.48313,0.08171,0.37681,0.092,0.2506,0.13,0.24006,0.11086,0.2762,0.01714,0.21807,0,0.16536,0,0.20904,0.03143,0.19217,0.092,0.14849,0.07343,0.11898,0.09943,0.16898,0.17429,0.1241,0.21486,0.05392,0.21657,0.03825,0.24457,0.09006,0.25143,0.05753,0.29571,0.02078,0.35029,0.00663,0.39229],\"weights\":[1,11,1,1,11,1,1,11,1,1,11,1,1,11,1,1,11,1,1,11,1,1,11,1,1,11,1,1,11,1,1,11,1,1,11,1,1,11,1,1,11,1,1,11,1,1,11,1,1,11,1,1,11,1,1,11,1,1,11,1,1,11,1,1,11,1,1,11,1,1,11,1,1,11,1,1,11,1,1,11,1,1,11,1,1,11,1,1,11,1,1,11,1,1,11,1,1,11,1,1,11,1,1,11,1,1,11,1,1,11,1,1,11,1,1,11,1,1,11,1,1,11,1,1,11,1,1,11,1,1,11,1,1,11,1,1,11,1,1,11,1,1,11,1,1,11,1,1,11,1,1,11,1,1,11,1,1,11,1,1,11,1,1,11,1,1,11,1,1,11,1,1,11,1,1,11,1,1,11,1,1,11,1,1,11,1,1,11,1,1,11,1,1,11,1,1,11,1,1,11,1,1,11,1,1,11,1,1,11,1,1,11,1,1,11,1,1,11,1,1,11,1,1,11,1],\"type\":\"mesh\",\"transform\":{\"y\":-2.1958,\"skX\":117.7717,\"skY\":117.7717,\"x\":47.8709},\"edges\":[0,1,1,2,2,3,3,4,4,5,5,6,6,7,7,8,8,9,9,10,10,11,11,12,12,13,13,14,14,15,15,16,16,17,17,18,18,19,19,20,20,21,21,22,22,23,23,24,24,25,25,26,26,27,27,28,28,29,29,30,30,31,31,32,32,33,33,34,34,35,35,36,36,37,37,38,38,39,39,40,40,41,41,42,42,43,43,44,44,45,45,46,46,47,47,48,48,49,49,50,50,51,51,52,52,53,53,54,54,55,55,56,56,57,57,58,58,59,59,60,60,61,61,62,62,63,63,64,64,65,65,66,66,67,67,68,68,69,69,70,70,71,71,72,72,73,73,74,74,0],\"triangles\":[31,28,30,30,28,29,31,32,28,34,35,36,37,34,36,32,27,28,34,26,32,34,32,33,52,55,26,37,52,34,52,26,34,26,27,32,55,56,26,41,52,38,38,52,37,51,52,42,42,52,41,43,44,45,41,38,39,40,41,39,46,43,45,56,10,26,57,10,56,1,10,57,10,12,26,47,43,46,58,1,57,47,42,43,48,51,47,47,51,42,49,50,48,50,51,48,12,25,26,67,68,58,68,1,58,12,24,25,12,23,24,53,55,52,54,55,53,12,13,23,71,1,68,1,5,9,1,9,10,13,20,23,72,1,71,20,22,23,13,15,20,18,19,20,17,18,20,16,17,20,15,16,20,20,21,22,63,59,60,61,63,60,1,3,5,73,1,72,63,64,59,2,3,1,59,67,58,64,67,59,10,11,12,14,15,13,3,4,5,5,7,9,62,63,61,66,67,64,7,8,9,65,66,64,73,74,1,74,0,1,69,71,68,6,7,5,69,70,71],\"height\":175,\"name\":\"1/头\",\"userEdges\":[]}],\"name\":\"头\"},{\"display\":[{\"width\":137,\"bonePose\":[1,-0.4710730115408837,-0.8820942227436944,0.8820942227436946,-0.4710730115408833,32.1,-181.75],\"vertices\":[-45.2,-80.5,-58.3,-65.9,-56.4,-61.45,-58.4,-46.8,-54.2,-21.75,-60.15,-5.2,-66.05,10.7,-68.5,23.2,-68.5,32.1,-62.4,44.1,-49.95,58.5,-43.4,54.5,-42.1,62.15,-33.65,56.5,-23.35,63.5,-12.7,60.05,-4.35,73.5,0.3,74.6,4.2,80.5,8.1,80.5,24.5,68.95,30.15,67.95,29.15,63.4,35.4,68.3,38.05,68.3,45.15,58.4,44.25,51.5,49.9,50.85,55.7,43.85,62.35,37.2,68.5,31.9,68.5,29.75,55.8,16.45,45.7,-4.75,35.35,-25.05,20.95,-46.45,6.1,-61.55,-18.2,-78.55,-29.55,-78.45,-35.2,-77],\"slotPose\":[1,-1.1102230246251565e-16,-1.1102230246251565e-16,0.9999999999999998,23.5,-216.38585017835908],\"path\":\"1/身体\",\"uvs\":[0.17007,0,0.07445,0.09068,0.08832,0.11832,0.07372,0.20932,0.10438,0.36491,0.06095,0.4677,0.01788,0.56646,0,0.6441,0,0.69938,0.04453,0.77391,0.1354,0.86335,0.18321,0.83851,0.1927,0.88602,0.25438,0.85093,0.32956,0.89441,0.4073,0.87298,0.46825,0.95652,0.50219,0.96335,0.53066,1,0.55912,1,0.67883,0.92826,0.72007,0.92205,0.71277,0.89379,0.75839,0.92422,0.77774,0.92422,0.82956,0.86273,0.82299,0.81988,0.86423,0.81584,0.90657,0.77236,0.95511,0.73106,1,0.69814,1,0.68478,0.9073,0.60217,0.83358,0.4705,0.75803,0.34441,0.65292,0.21149,0.54453,0.1177,0.36715,0.01211,0.28431,0.01273,0.24307,0.02174],\"weights\":[1,1,1,1,1,1,1,1,1,1,1,1,1,1,1,1,1,1,1,1,1,1,1,1,1,1,1,1,1,1,1,1,1,1,1,1,1,1,1,1,1,1,1,1,1,1,1,1,1,1,1,1,1,1,1,1,1,1,1,1,1,1,1,1,1,1,1,1,1,1,1,1,1,1,1,1,1,1,1,1,1,1,1,1,1,1,1,1,1,1,1,1,1,1,1,1,1,1,1,1,1,1,1,1,1,1,1,1,1,1,1,1,1,1,1,1,1,1,1,1],\"type\":\"mesh\",\"transform\":{\"y\":8.73,\"skX\":118.104,\"skY\":118.104,\"x\":34.6033},\"edges\":[0,1,1,2,2,3,3,4,4,5,5,6,6,7,7,8,8,9,9,10,10,11,11,12,12,13,13,14,14,15,15,16,16,17,17,18,18,19,19,20,20,21,21,22,22,23,23,24,24,25,25,26,26,27,27,28,28,29,29,30,30,31,31,32,32,33,33,34,34,35,35,36,36,37,37,38,38,39,39,0],\"triangles\":[32,29,31,31,29,30,32,28,29,26,27,28,26,28,32,33,26,32,15,22,26,15,26,33,5,15,34,34,15,33,22,24,25,22,25,26,4,5,34,22,23,24,35,4,34,5,13,15,15,20,22,22,20,21,15,17,20,36,4,35,17,19,20,5,6,13,15,16,17,38,39,36,39,3,36,37,38,36,3,4,36,17,18,19,6,11,13,6,7,11,7,9,11,2,3,39,13,14,15,7,8,9,0,2,39,11,12,13,1,2,0,9,10,11],\"height\":161,\"name\":\"1/身体\",\"userEdges\":[]}],\"name\":\"身体\"},{\"display\":[{\"width\":120,\"bonePose\":[6,-0.07069322502054282,0.9974981042268675,-0.9974981042268678,-0.0706932250205426,56.100000000000016,-183.84999999999997,16,0.4934345474877122,0.86978293116478,-0.8697829311647804,0.49343454748771215,49.74999999999999,-94.24999999999996,22,-0.9778246976878076,0.2094250715452864,-0.20942507154528633,-0.9778246976878071,82.19999999999999,-37.050000000000004],\"vertices\":[-19.25,-88.65,-8.6,-88.15,3.55,-90.55,17.45,-96.4,23.7,-90.75,29.4,-80.75,29.3,-71.8,24.2,-61,24.9,-49.45,24.6,-38.85,25.4,-33.95,29.4,-20.2,31.4,-11.85,20.6,-6.75,16.85,-6.15,16.25,-10.35,12.05,-8.85,8.65,-10.15,7.95,-3.35,14.25,-0.85,18.7,3.9,28,31.15,43.85,22.45,49.5,24.05,55.5,31.05,57.4,41.35,56,48.95,48.05,42.35,47.65,45.25,53.2,51.05,52.25,54.8,49.55,56.8,52.9,66.7,54.3,73.35,52.35,75.35,49.85,81.85,10.95,85,-12.6,92.8,-39.65,94.4,-59.9,90.4,-60,69.35,-56.7,67.55,-49.9,55.8,-36.35,47.9,-21.5,46.7,-5.95,49.5,-5.25,44.8,-0.15,43.4,-3.95,38.35,-10.3,31.95,-3.05,30.95,3.75,30.75,8.55,32.85,10.75,31.15,-2.45,11.8,-8.5,13.8,-16.1,9,-19.6,2.05,-10.2,-7.95,-9.5,-28,-17.2,-18.65,-21.8,-19.8,-20.1,-40.25,-21.1,-59.4,-21.5,-74.95],\"slotPose\":[1.0000000000000002,8.326672684688674e-17,2.220446049250313e-16,0.9999999999999998,52.999999999999986,-93.38585017835905],\"path\":\"1/腿1\",\"uvs\":[0.33958,0.04067,0.42833,0.04326,0.52958,0.03083,0.64542,0.00052,0.6975,0.02979,0.745,0.08161,0.74417,0.12798,0.70167,0.18394,0.7075,0.24378,0.705,0.2987,0.71167,0.32409,0.745,0.39534,0.76167,0.4386,0.67167,0.46503,0.64042,0.46813,0.63542,0.44637,0.60042,0.45415,0.57208,0.44741,0.56625,0.48264,0.61875,0.4956,0.65583,0.52021,0.73333,0.6614,0.86542,0.61632,0.9125,0.62461,0.9625,0.66088,0.97833,0.71425,0.96667,0.75363,0.90042,0.71943,0.89708,0.73446,0.94333,0.76451,0.93542,0.78394,0.91292,0.7943,0.94083,0.8456,0.9525,0.88005,0.93625,0.89041,0.91542,0.92409,0.59125,0.94041,0.395,0.98083,0.16958,0.98912,0.00083,0.96839,0,0.85933,0.0275,0.85,0.08417,0.78912,0.19708,0.74819,0.32083,0.74197,0.45042,0.75648,0.45625,0.73212,0.49875,0.72487,0.46708,0.6987,0.41417,0.66554,0.47458,0.66036,0.53125,0.65933,0.57125,0.67021,0.58958,0.6614,0.47958,0.56114,0.42917,0.5715,0.36583,0.54663,0.33667,0.51062,0.415,0.45881,0.42083,0.35492,0.35667,0.40337,0.31833,0.39741,0.3325,0.29145,0.32417,0.19223,0.32083,0.11166],\"weights\":[1,6,1,1,6,1,1,6,1,1,6,1,1,6,1,1,6,1,1,6,1,1,6,1,1,6,1,1,6,1,1,6,1,1,6,1,1,6,1,1,6,1,1,6,1,1,6,1,1,6,1,1,6,1,2,16,0.9704109510182588,22,0.029589048981741244,2,16,0.9377463385687762,22,0.06225366143122382,2,16,0.9107463063751841,22,0.08925369362481597,2,16,0.8306786361587745,22,0.16932136384122545,2,16,0.6108997145096993,22,0.3891002854903007,2,16,0.5631813124046033,22,0.4368186875953966,2,16,0.5157479492725314,22,0.48425205072746863,2,22,0.5004720520350172,16,0.49952794796498273,2,22,0.5035228568990274,16,0.4964771431009726,2,16,0.5037485037760021,22,0.4962514962239978,2,16,0.5001291148520467,22,0.49987088514795325,2,22,0.5047749792087036,16,0.4952250207912963,2,22,0.507344404396592,16,0.492655595603408,2,22,0.5097806445209656,16,0.49021935547903434,2,22,0.5117507941992233,16,0.48824920580077663,2,22,0.511188954361348,16,0.4888110456386519,2,22,0.5117728241985284,16,0.4882271758014716,2,22,0.5113458966615474,16,0.48865410333845255,2,22,0.6681184914827952,16,0.3318815085172048,2,22,0.8104561898710281,16,0.18954381012897184,2,22,0.9081529935681127,16,0.09184700643188734,2,22,0.8925532945032786,16,0.10744670549672133,2,22,0.9147312420562553,16,0.08526875794374475,2,22,0.9272973840506887,16,0.07270261594931132,2,22,0.9140435843110076,16,0.08595641568899229,2,22,0.8525854549284618,16,0.14741454507153828,2,22,0.793997202218585,16,0.206002797781415,2,22,0.7894825597585144,16,0.21051744024148555,2,22,0.6326637121873195,16,0.36733628781268046,2,22,0.509211318231496,16,0.49078868176850404,2,16,0.6016733236279884,22,0.3983266763720116,2,16,0.6742575624565197,22,0.3257424375434804,2,16,0.8053452990980097,22,0.19465470090199022,2,16,0.9105670941613272,22,0.08943290583867282,2,16,0.9482944319769201,22,0.05170556802307989,2,16,0.9841137232883109,22,0.01588627671168902,2,16,0.9879000744169202,22,0.012099925583079835,2,16,0.9461853489288972,22,0.05381465107110287,2,16,0.9235728213348835,22,0.07642717866511652,2,16,0.9356017816613587,22,0.06439821833864133,1,6,1,1,6,1,1,6,1,1,6,1,1,6,1,1,6,1,1,6,1],\"type\":\"mesh\",\"transform\":{\"y\":61.2018,\"skX\":-167.9113,\"skY\":-167.9113,\"x\":16.7543},\"edges\":[0,1,1,2,2,3,3,4,4,5,5,6,6,7,7,8,8,9,9,10,10,11,11,12,12,13,13,14,14,15,15,16,16,17,17,18,18,19,19,20,20,21,21,22,22,23,23,24,24,25,25,26,26,27,27,28,28,29,29,30,30,31,31,32,32,33,33,34,34,35,35,36,36,37,37,38,38,39,39,40,40,41,41,42,42,43,43,44,44,45,45,46,46,47,47,48,48,49,49,50,50,51,51,52,52,53,53,54,54,55,55,56,56,57,57,58,58,59,59,60,60,61,61,62,62,63,63,64,64,0],\"triangles\":[27,26,25,24,27,25,23,27,24,22,27,23,32,34,33,31,30,29,28,31,29,31,34,32,36,35,34,31,36,34,22,21,27,28,21,31,21,47,31,47,36,31,27,21,28,47,45,36,52,47,21,53,52,21,20,53,21,15,13,11,11,13,12,2,7,6,2,6,5,4,2,5,10,15,11,54,53,20,59,9,8,17,15,10,9,59,10,59,17,10,2,1,7,1,63,7,7,63,8,63,62,8,62,59,8,3,2,4,64,63,1,15,14,13,19,54,20,18,54,19,17,16,15,45,37,36,59,58,17,48,47,51,17,58,18,58,54,18,51,47,52,44,37,45,50,48,51,56,55,54,58,56,54,46,45,47,44,43,37,43,38,37,57,56,58,50,49,48,0,64,1,42,38,43,61,60,59,62,61,59,42,41,38,41,39,38,40,39,41],\"height\":193,\"name\":\"1/腿1\",\"userEdges\":[]}],\"name\":\"腿1\"},{\"display\":[{\"width\":73,\"bonePose\":[8,-0.19008984308431542,0.9817666991481122,-0.9817666991481127,-0.1900898430843156,-22.949999999999985,-270.3,18,-0.1043604528659028,0.9945395396250584,-0.9945395396250588,-0.10436045286590301,-36.35000000000001,-202.55,19,-0.047161815980373174,0.9988872624643047,-0.9988872624643051,-0.0471618159803734,-43.04999999999999,-138.7],\"vertices\":[17.95,-103,12.15,-100.1,4.5,-85.05,-4.05,-30.15,-8.6,-24.95,-7.95,-19.75,-10.7,-17,-9.75,-9.7,-7.95,-7.95,-12,15.9,-15.4,16.55,-19.15,37.9,-24.15,44.25,-25.45,50.7,-36.5,56.85,-36.5,69.2,-31.8,75.2,-33.9,83.1,-30.15,103,-15.55,103,-13.3,100.1,-12.65,93.15,-7.95,100.3,-4.05,103,9.05,103,19.1,94.3,22.15,85.2,27.85,82.6,31.1,73.05,26.4,66.25,21.7,64.15,17.15,60.1,17.15,52.65,13.9,45.5,22.8,46.15,24.95,24.8,21.85,23.15,23.3,-10.05,24.45,-27.85,29.45,-62.85,30.6,-85.7,30.1,-98.8,24.6,-103],\"slotPose\":[1,6.938893903907228e-17,-4.163336342344337e-17,0.9999999999999999,-42.500000000000014,-175.8858501783591],\"path\":\"1/图层_1\",\"uvs\":[0.74589,0,0.66644,0.01408,0.56164,0.08714,0.44452,0.35364,0.38219,0.37888,0.3911,0.40413,0.35342,0.41748,0.36644,0.45291,0.3911,0.46141,0.33562,0.57718,0.28904,0.58034,0.23767,0.68398,0.16918,0.71481,0.15137,0.74612,0,0.77597,0,0.83592,0.06438,0.86505,0.03562,0.9034,0.08699,1,0.28699,1,0.31781,0.98592,0.32671,0.95218,0.3911,0.98689,0.44452,1,0.62397,1,0.76164,0.95777,0.80342,0.91359,0.88151,0.90097,0.92603,0.85461,0.86164,0.8216,0.79726,0.81141,0.73493,0.79175,0.73493,0.75558,0.69041,0.72087,0.81233,0.72403,0.84178,0.62039,0.79932,0.61238,0.81918,0.45121,0.83493,0.36481,0.90342,0.1949,0.91918,0.08398,0.91233,0.02039,0.83699,0],\"weights\":[3,8,0.9836717219748502,18,0.012575645058008594,19,0.0037526329671412704,3,8,0.9797932597958747,18,0.015717788639579292,19,0.004488951564546029,3,8,0.94269692757866,18,0.046665948867236184,19,0.010637123554103711,3,8,0.48566404440723476,18,0.5015186804880185,19,0.012817275104746704,3,8,0.45464928096414653,18,0.5176619457114774,19,0.027688773324376068,3,8,0.37922453517541604,18,0.5891541535119184,19,0.03162131131266552,3,8,0.3566788340642687,18,0.5947772035612915,19,0.04854396237443984,3,8,0.2351385980924806,18,0.7040455943485385,19,0.060815807558980785,3,8,0.18484162397698667,18,0.762087532452967,19,0.05307084357004624,3,8,0.05897501861542693,18,0.7145092044985899,19,0.22651577688598315,3,8,0.07524106752072378,18,0.6408362854767964,19,0.28392264700247977,3,8,0.03366906905779829,19,0.4857043277673214,18,0.4806266031748802,3,8,0.04475841995082003,19,0.5069146558976059,18,0.44832692415157405,3,8,0.045323446218201884,19,0.5531490865744512,18,0.40152746720734694,3,8,0.07307079596913688,19,0.5374165677992019,18,0.3895126362316614,3,8,0.0652765497656676,19,0.6200362566618572,18,0.3146871935724753,3,8,0.0503262299031959,19,0.7008377506948772,18,0.2488360194019269,3,8,0.050944984221936516,19,0.7303646635282915,18,0.21869035224977199,3,8,0.04002341534712558,19,0.8191331881286257,18,0.14084339652424865,3,8,0.01684175094172995,19,0.9186263060592852,18,0.06453194299898492,3,8,0.011524850741293306,19,0.9420078919449116,18,0.04646725731379508,3,8,0.006525168641198042,19,0.9638953724229029,18,0.02957945893589926,3,8,0.007399189524006738,19,0.9624033866722923,18,0.030197423803700937,3,8,0.009258681738959858,19,0.9543344929381937,18,0.03640682532284648,3,8,0.016792851372334387,19,0.9187601114669358,18,0.06444703716072984,3,8,0.02883737764568224,19,0.8530801192828716,18,0.11808250307144609,3,8,0.0378273136341199,19,0.7892572728981212,18,0.17291541346775882,3,8,0.052879688103287165,19,0.7161315416258094,18,0.23098877027090345,3,8,0.06514729292779281,19,0.6307623733637113,18,0.30409033370849575,3,8,0.05455855343107549,19,0.6277544093949842,18,0.3176870371739404,3,8,0.04219007827942465,19,0.6614071490195713,18,0.29640277270100407,3,8,0.030846586124086146,19,0.6845958930641128,18,0.284557520811801,3,8,0.031140877382423784,19,0.6027178750303832,18,0.366141247587193,3,8,0.02230069253570947,19,0.5483024060028284,18,0.42939690146146203,3,8,0.049479066879457724,19,0.5008977432674285,18,0.44962318985311367,3,8,0.09831833977375729,18,0.5239901975281744,19,0.3776914626980684,3,8,0.0868121984189832,18,0.5637248742519422,19,0.34946292732907464,3,8,0.347782632442501,18,0.5791850203853587,19,0.07303234717214038,3,8,0.5076869786500627,18,0.4604185200390354,19,0.03189450131090168,3,8,0.8650084245137868,18,0.11539471658311116,19,0.019596858903102036,3,8,0.9541722634565253,18,0.036543548281608204,19,0.009284188261866461,3,8,0.9715214892140026,18,0.021951986012264876,19,0.006526524773732355,3,8,0.9794524193389574,18,0.015756723076525106,19,0.00479085758451746],\"type\":\"mesh\",\"transform\":{\"y\":1.2044,\"skX\":-92.7032,\"skY\":-92.7032,\"x\":-37.1704},\"edges\":[0,1,1,2,2,3,3,4,4,5,5,6,6,7,7,8,8,9,9,10,10,11,11,12,12,13,13,14,14,15,15,16,16,17,17,18,18,19,19,20,20,21,21,22,22,23,23,24,24,25,25,26,26,27,27,28,28,29,29,30,30,31,31,32,32,33,33,34,34,35,35,36,36,37,37,38,38,39,39,40,40,41,41,42,42,0],\"triangles\":[29,26,27,3,38,39,0,1,40,2,39,40,0,40,41,42,0,41,29,27,28,33,34,35,1,2,40,8,36,37,36,33,35,30,26,29,2,3,39,8,9,36,3,37,38,30,31,26,3,5,37,31,21,26,5,8,37,21,25,26,9,33,36,9,11,33,21,24,25,21,22,24,13,21,31,13,16,21,22,23,24,33,13,31,33,31,32,11,13,33,12,13,11,4,5,3,10,11,9,6,7,5,5,7,8,16,17,21,15,16,13,18,19,21,17,18,21,21,19,20,14,15,13],\"height\":206,\"name\":\"1/图层_1\",\"userEdges\":[]}],\"name\":\"图层_1\"}]}],\"name\":\"Armature\"}],\"name\":\"js1\",\"version\":\"5.5\",\"isGlobal\":0}"},[{"__type__":"cc.Prefab","_name":"zombie1","data":{"__id__":1}},{"__type__":"cc.Node","_name":"zombie","_children":[{"__id__":2},{"__id__":19}],"_components":[{"__type__":"cc.BoxCollider","node":{"__id__":1},"_size":{"__type__":"cc.Size","width":110,"height":150}},{"__type__":"fc82eAE0wNBqb09O2p0yZLq","node":{"__id__":1},"coinPrefab":{"__uuid__":"5cV24RX5lBr4drusmGHL/g"},"bjPrefab":{"__uuid__":"e6HD9LQlRHwIIBNbCWBzSg"},"hand":{"__id__":10}},{"__type__":"cc.AudioSource","node":{"__id__":1},"_clip":{"__uuid__":"1diOp/rh9JzrIYK73BlCtV"}}],"_prefab":{"__type__":"cc.PrefabInfo","root":{"__id__":1},"asset":{"__uuid__":"8c/lIIzzhDraiGd05t5JLq"},"fileId":"5aRLZT86VF4owXL/Z9+ebO"},"_contentSize":{"__type__":"cc.Size","width":268.63824775816033,"height":435.2559730591664},"_trs":{"__type__":"TypedArray","ctor":"Float64Array","array":[204.288,-219.941,0,0,0,0,1,0.6,0.6,0.6]},"_groupIndex":2,"groupIndex":2},{"__type__":"cc.Node","_name":"db","_parent":{"__id__":1},"_children":[{"__id__":3}],"_components":[{"__type__":"dragonBones.ArmatureDisplay","node":{"__id__":2},"_materials":[{"__uuid__":"ecpdLyjvZBwrvm+cedCcQy"}],"_armatureName":"Armature","_animationName":"zou","_preCacheMode":0,"playTimes":1,"_armatureKey":"8b47d4fb-1ba1-41b4-9c44-19fa78c53c32#5a491925-2e16-47f8-b6e9-cfef2d9157c7","_N$dragonAsset":{"__uuid__":"8bR9T7G6FBtJxEGfp4xTwy"},"_N$dragonAtlasAsset":{"__uuid__":"5aSRklLhZH+Lbpz+8tkVfH"}}],"_prefab":{"__type__":"cc.PrefabInfo","root":{"__id__":1},"asset":{"__uuid__":"8c/lIIzzhDraiGd05t5JLq"},"fileId":"beech79i5Ca5GCoiNyuFsd"},"_contentSize":{"__type__":"cc.Size","width":268.63824775816033,"height":435.2559730591664},"_anchorPoint":{"__type__":"cc.Vec2","x":0.5},"_trs":{"__type__":"TypedArray","ctor":"Float64Array","array":[0,-218.835,0,0,0,0,1,1,1,1]},"_groupIndex":2,"groupIndex":2},{"__type__":"cc.Node","_name":"ATTACHED_NODE_TREE","_parent":{"__id__":2},"_children":[{"__id__":4}],"_prefab":{"__type__":"cc.PrefabInfo","root":{"__id__":1},"asset":{"__uuid__":"8c/lIIzzhDraiGd05t5JLq"},"fileId":"482yw6UJJLOYogjsPJQaqq"},"_trs":{"__type__":"TypedArray","ctor":"Float64Array","array":[0,0,0,0,0,0,1,1,1,1]},"_groupIndex":2,"groupIndex":2},{"__type__":"cc.Node","_name":"ATTACHED_NODE:root","_parent":{"__id__":3},"_children":[{"__id__":5},{"__id__":15},{"__id__":16},{"__id__":17},{"__id__":18}],"_prefab":{"__type__":"cc.PrefabInfo","root":{"__id__":1},"asset":{"__uuid__":"8c/lIIzzhDraiGd05t5JLq"},"fileId":"5bWwY9IOZG3KgTlBpQgHEG"},"_trs":{"__type__":"TypedArray","ctor":"Float64Array","array":[0,0,0,0,0,0,1,1,1,1]},"_groupIndex":2,"groupIndex":2},{"__type__":"cc.Node","_name":"ATTACHED_NODE:身体","_parent":{"__id__":4},"_children":[{"__type__":"cc.Node","_name":"ATTACHED_NODE:头","_parent":{"__id__":5},"_prefab":{"__type__":"cc.PrefabInfo","root":{"__id__":1},"asset":{"__uuid__":"8c/lIIzzhDraiGd05t5JLq"},"fileId":"dcy9PC82ZFz72x7522e8KN"},"_trs":{"__type__":"TypedArray","ctor":"Float64Array","array":[0,0,0,0,0,0,1,1,1,1]},"_groupIndex":2,"groupIndex":2},{"__id__":6},{"__id__":8},{"__id__":11},{"__id__":13}],"_prefab":{"__type__":"cc.PrefabInfo","root":{"__id__":1},"asset":{"__uuid__":"8c/lIIzzhDraiGd05t5JLq"},"fileId":"aahESU/gJIjqBfQlAFaMZZ"},"_trs":{"__type__":"TypedArray","ctor":"Float64Array","array":[0,0,0,0,0,0,1,1,1,1]},"_groupIndex":2,"groupIndex":2},{"__type__":"cc.Node","_name":"ATTACHED_NODE:腿","_parent":{"__id__":5},"_children":[{"__id__":7}],"_prefab":{"__type__":"cc.PrefabInfo","root":{"__id__":1},"asset":{"__uuid__":"8c/lIIzzhDraiGd05t5JLq"},"fileId":"a3pNsWUKRGTKY2kN8/p/a9"},"_trs":{"__type__":"TypedArray","ctor":"Float64Array","array":[0,0,0,0,0,0,1,1,1,1]},"_groupIndex":2,"groupIndex":2},{"__type__":"cc.Node","_name":"ATTACHED_NODE:腿2","_parent":{"__id__":6},"_children":[{"__type__":"cc.Node","_name":"ATTACHED_NODE:腿3","_parent":{"__id__":7},"_prefab":{"__type__":"cc.PrefabInfo","root":{"__id__":1},"asset":{"__uuid__":"8c/lIIzzhDraiGd05t5JLq"},"fileId":"2ajZxP1ndMzY4hV9VmuNoj"},"_trs":{"__type__":"TypedArray","ctor":"Float64Array","array":[0,0,0,0,0,0,1,1,1,1]},"_groupIndex":2,"groupIndex":2}],"_prefab":{"__type__":"cc.PrefabInfo","root":{"__id__":1},"asset":{"__uuid__":"8c/lIIzzhDraiGd05t5JLq"},"fileId":"ddSsvOSVRBg68E8YtJjbiO"},"_trs":{"__type__":"TypedArray","ctor":"Float64Array","array":[0,0,0,0,0,0,1,1,1,1]},"_groupIndex":2,"groupIndex":2},{"__type__":"cc.Node","_name":"ATTACHED_NODE:图层_1","_parent":{"__id__":5},"_children":[{"__id__":9}],"_prefab":{"__type__":"cc.PrefabInfo","root":{"__id__":1},"asset":{"__uuid__":"8c/lIIzzhDraiGd05t5JLq"},"fileId":"f5ly+APEFAPKQu+JvmdnE2"},"_trs":{"__type__":"TypedArray","ctor":"Float64Array","array":[0,0,0,0,0,0,1,1,1,1]},"_groupIndex":2,"groupIndex":2},{"__type__":"cc.Node","_name":"ATTACHED_NODE:图层_11","_parent":{"__id__":8},"_children":[{"__id__":10}],"_prefab":{"__type__":"cc.PrefabInfo","root":{"__id__":1},"asset":{"__uuid__":"8c/lIIzzhDraiGd05t5JLq"},"fileId":"0c3ZvN3x9JU485RM/E/IUl"},"_trs":{"__type__":"TypedArray","ctor":"Float64Array","array":[0,0,0,0,0,0,1,1,1,1]},"_groupIndex":2,"groupIndex":2},{"__type__":"cc.Node","_name":"ATTACHED_NODE:图层_12","_parent":{"__id__":9},"_components":[{"__type__":"cc.CircleCollider","node":{"__id__":10},"_offset":{"__type__":"cc.Vec2","x":13.5,"y":2.6},"_radius":10}],"_prefab":{"__type__":"cc.PrefabInfo","root":{"__id__":1},"asset":{"__uuid__":"8c/lIIzzhDraiGd05t5JLq"},"fileId":"a4fsU3VmhGDJUspHzzYdK9"},"_trs":{"__type__":"TypedArray","ctor":"Float64Array","array":[0,0,0,0,0,0,1,1,1,1]},"_groupIndex":5,"groupIndex":5},{"__type__":"cc.Node","_name":"ATTACHED_NODE:手","_parent":{"__id__":5},"_children":[{"__id__":12}],"_prefab":{"__type__":"cc.PrefabInfo","root":{"__id__":1},"asset":{"__uuid__":"8c/lIIzzhDraiGd05t5JLq"},"fileId":"3eUVValRlI4aXp9aLPC+1d"},"_trs":{"__type__":"TypedArray","ctor":"Float64Array","array":[0,0,0,0,0,0,1,1,1,1]},"_groupIndex":2,"groupIndex":2},{"__type__":"cc.Node","_name":"ATTACHED_NODE:手1","_parent":{"__id__":11},"_children":[{"__type__":"cc.Node","_name":"ATTACHED_NODE:手2","_parent":{"__id__":12},"_prefab":{"__type__":"cc.PrefabInfo","root":{"__id__":1},"asset":{"__uuid__":"8c/lIIzzhDraiGd05t5JLq"},"fileId":"0aDzFqC79C4qVh1s7PKb8q"},"_trs":{"__type__":"TypedArray","ctor":"Float64Array","array":[0,0,0,0,0,0,1,1,1,1]},"_groupIndex":2,"groupIndex":2}],"_prefab":{"__type__":"cc.PrefabInfo","root":{"__id__":1},"asset":{"__uuid__":"8c/lIIzzhDraiGd05t5JLq"},"fileId":"e4ukoLSE9BqIU3dKRDh4dx"},"_trs":{"__type__":"TypedArray","ctor":"Float64Array","array":[0,0,0,0,0,0,1,1,1,1]},"_groupIndex":2,"groupIndex":2},{"__type__":"cc.Node","_name":"ATTACHED_NODE:腿1","_parent":{"__id__":5},"_children":[{"__id__":14}],"_prefab":{"__type__":"cc.PrefabInfo","root":{"__id__":1},"asset":{"__uuid__":"8c/lIIzzhDraiGd05t5JLq"},"fileId":"48HzFFloZKdYS9Y2KHBAV5"},"_trs":{"__type__":"TypedArray","ctor":"Float64Array","array":[0,0,0,0,0,0,1,1,1,1]},"_groupIndex":2,"groupIndex":2},{"__type__":"cc.Node","_name":"ATTACHED_NODE:腿11","_parent":{"__id__":13},"_children":[{"__type__":"cc.Node","_name":"ATTACHED_NODE:腿12","_parent":{"__id__":14},"_prefab":{"__type__":"cc.PrefabInfo","root":{"__id__":1},"asset":{"__uuid__":"8c/lIIzzhDraiGd05t5JLq"},"fileId":"b8n+OyP69La4EsfgZ+JCMa"},"_trs":{"__type__":"TypedArray","ctor":"Float64Array","array":[0,0,0,0,0,0,1,1,1,1]},"_groupIndex":2,"groupIndex":2}],"_prefab":{"__type__":"cc.PrefabInfo","root":{"__id__":1},"asset":{"__uuid__":"8c/lIIzzhDraiGd05t5JLq"},"fileId":"44Sw/XwN5FWqijiDEsfinG"},"_trs":{"__type__":"TypedArray","ctor":"Float64Array","array":[0,0,0,0,0,0,1,1,1,1]},"_groupIndex":2,"groupIndex":2},{"__type__":"cc.Node","_name":"ATTACHED_NODE:bone_ikTarget3","_parent":{"__id__":4},"_children":[{"__type__":"cc.Node","_name":"ATTACHED_NODE:bone_ikTarget2","_parent":{"__id__":15},"_prefab":{"__type__":"cc.PrefabInfo","root":{"__id__":1},"asset":{"__uuid__":"8c/lIIzzhDraiGd05t5JLq"},"fileId":"c4jrkkP9pG4I4IoPcYAtKl"},"_trs":{"__type__":"TypedArray","ctor":"Float64Array","array":[0,0,0,0,0,0,1,1,1,1]},"_groupIndex":2,"groupIndex":2}],"_prefab":{"__type__":"cc.PrefabInfo","root":{"__id__":1},"asset":{"__uuid__":"8c/lIIzzhDraiGd05t5JLq"},"fileId":"casofQ5XFMoanQAYWbtNmk"},"_trs":{"__type__":"TypedArray","ctor":"Float64Array","array":[0,0,0,0,0,0,1,1,1,1]},"_groupIndex":2,"groupIndex":2},{"__type__":"cc.Node","_name":"ATTACHED_NODE:bone_ikTarget1","_parent":{"__id__":4},"_children":[{"__type__":"cc.Node","_name":"ATTACHED_NODE:bone_ikTarget","_parent":{"__id__":16},"_prefab":{"__type__":"cc.PrefabInfo","root":{"__id__":1},"asset":{"__uuid__":"8c/lIIzzhDraiGd05t5JLq"},"fileId":"4fjsyGgrFOmqNazYr7DVvt"},"_trs":{"__type__":"TypedArray","ctor":"Float64Array","array":[0,0,0,0,0,0,1,1,1,1]},"_groupIndex":2,"groupIndex":2}],"_prefab":{"__type__":"cc.PrefabInfo","root":{"__id__":1},"asset":{"__uuid__":"8c/lIIzzhDraiGd05t5JLq"},"fileId":"d69esZriZAaJOknaqSZs4Z"},"_trs":{"__type__":"TypedArray","ctor":"Float64Array","array":[0,0,0,0,0,0,1,1,1,1]},"_groupIndex":2,"groupIndex":2},{"__type__":"cc.Node","_name":"ATTACHED_NODE:bone_ikTarget5","_parent":{"__id__":4},"_children":[{"__type__":"cc.Node","_name":"ATTACHED_NODE:bone_ikTarget4","_parent":{"__id__":17},"_prefab":{"__type__":"cc.PrefabInfo","root":{"__id__":1},"asset":{"__uuid__":"8c/lIIzzhDraiGd05t5JLq"},"fileId":"87HrCauQBIibZHv0q94sqF"},"_trs":{"__type__":"TypedArray","ctor":"Float64Array","array":[0,0,0,0,0,0,1,1,1,1]},"_groupIndex":2,"groupIndex":2}],"_prefab":{"__type__":"cc.PrefabInfo","root":{"__id__":1},"asset":{"__uuid__":"8c/lIIzzhDraiGd05t5JLq"},"fileId":"39Ou7dQFpAIJEu8WllSV6T"},"_trs":{"__type__":"TypedArray","ctor":"Float64Array","array":[0,0,0,0,0,0,1,1,1,1]},"_groupIndex":2,"groupIndex":2},{"__type__":"cc.Node","_name":"ATTACHED_NODE:bone_ikTarget7","_parent":{"__id__":4},"_children":[{"__type__":"cc.Node","_name":"ATTACHED_NODE:bone_ikTarget6","_parent":{"__id__":18},"_prefab":{"__type__":"cc.PrefabInfo","root":{"__id__":1},"asset":{"__uuid__":"8c/lIIzzhDraiGd05t5JLq"},"fileId":"528rrOp3ZJYqPxUxr9PAXA"},"_trs":{"__type__":"TypedArray","ctor":"Float64Array","array":[0,0,0,0,0,0,1,1,1,1]},"_groupIndex":2,"groupIndex":2}],"_prefab":{"__type__":"cc.PrefabInfo","root":{"__id__":1},"asset":{"__uuid__":"8c/lIIzzhDraiGd05t5JLq"},"fileId":"0e/XEFq5dNQJq/oxIxZunX"},"_trs":{"__type__":"TypedArray","ctor":"Float64Array","array":[0,0,0,0,0,0,1,1,1,1]},"_groupIndex":2,"groupIndex":2},{"__type__":"cc.Node","_name":"hp","_parent":{"__id__":1},"_children":[{"__id__":20}],"_components":[{"__type__":"cc.Sprite","node":{"__id__":19},"_materials":[{"__uuid__":"ecpdLyjvZBwrvm+cedCcQy"}],"_spriteFrame":{"__uuid__":"b38OS34BVAkobdVeojiRLO"}}],"_prefab":{"__type__":"cc.PrefabInfo","root":{"__id__":1},"asset":{"__uuid__":"8c/lIIzzhDraiGd05t5JLq"},"fileId":"d0GZxmbHZPBJjXQ3lN0JS1"},"_opacity":0,"_contentSize":{"__type__":"cc.Size","width":122,"height":22},"_trs":{"__type__":"TypedArray","ctor":"Float64Array","array":[0,235,0,0,0,0,1,1,1,1]},"_groupIndex":2,"groupIndex":2},{"__type__":"cc.Node","_name":"h","_parent":{"__id__":19},"_components":[{"__type__":"cc.Sprite","node":{"__id__":20},"_materials":[{"__uuid__":"ecpdLyjvZBwrvm+cedCcQy"}],"_spriteFrame":{"__uuid__":"f9TQk6y7dFNLoI9fqCfxYY"},"_type":3,"_fillRange":1}],"_prefab":{"__type__":"cc.PrefabInfo","root":{"__id__":1},"asset":{"__uuid__":"8c/lIIzzhDraiGd05t5JLq"},"fileId":"5bu3OqkHtMrYqUth12+rI5"},"_contentSize":{"__type__":"cc.Size","width":118,"height":19},"_trs":{"__type__":"TypedArray","ctor":"Float64Array","array":[0,0,0,0,0,0,1,1,1,1]},"_groupIndex":2,"groupIndex":2}]]