[[{"__type__":"cc.Prefab","_name":"coin","data":{"__id__":1}},{"__type__":"cc.Node","_name":"coin","_components":[{"__type__":"cc.Sprite","node":{"__id__":1},"_materials":[{"__uuid__":"ecpdLyjvZBwrvm+cedCcQy"}],"_spriteFrame":{"__uuid__":"e2pzBM9rhDKo/lQQ0FvVmy"}}],"_prefab":{"__type__":"cc.PrefabInfo","root":{"__id__":1},"asset":{"__uuid__":"5cV24RX5lBr4drusmGHL/g"},"fileId":"27hjeqB2xDqYn2564o0dQD"},"_contentSize":{"__type__":"cc.Size","width":60,"height":72},"_trs":{"__type__":"TypedArray","ctor":"Float64Array","array":[0,0,0,0,0,0,1,1.5,1.5,1]}}],{"__type__":"cc.SpriteFrame","content":{"name":"4-3-2","texture":"8eJLICymdAv6ewMhGhFPns","rect":[0,0,60,72],"offset":[0,0],"originalSize":[60,72],"capInsets":[0,0,0,0]}}]