[{"__type__":"cc.Prefab","_name":"jia","data":{"__id__":1}},{"__type__":"cc.Node","_name":"count1","_components":[{"__type__":"cc.Label","node":{"__id__":1},"_materials":[{"__uuid__":"ecpdLyjvZBwrvm+cedCcQy"}],"_useOriginalSize":false,"_string":"+1","_N$string":"+1","_fontSize":60,"_lineHeight":80,"_styleFlags":1,"_N$horizontalAlign":1,"_N$verticalAlign":1},{"__type__":"cc.LabelShadow","node":{"__id__":1},"_color":{"__type__":"cc.Color","r":213,"g":96,"b":3},"_offset":{"__type__":"cc.Vec2","x":2,"y":-2}}],"_prefab":{"__type__":"cc.PrefabInfo","root":{"__id__":1},"asset":{"__uuid__":"2bWDkoxRNBdJfc5qLKt2rU"},"fileId":"36ebGi6OBNc63WdRGh2rPp"},"_color":{"__type__":"cc.Color","r":255,"g":255,"b":27},"_contentSize":{"__type__":"cc.Size","width":68.41,"height":100.8},"_trs":{"__type__":"TypedArray","ctor":"Float64Array","array":[87.944,-100,0,0,0,0,1,1,1,1]}}]