{"__type__":"dragonBones.DragonBonesAtlasAsset","_name":"js1_tex","_atlasJson":"{\"width\":512,\"SubTexture\":[{\"width\":73,\"y\":172,\"height\":206,\"name\":\"1/图层_1\",\"x\":262},{\"width\":127,\"y\":1,\"height\":169,\"name\":\"1/腿\",\"x\":169},{\"width\":120,\"y\":178,\"height\":193,\"name\":\"1/腿1\",\"x\":1},{\"width\":137,\"y\":178,\"height\":161,\"name\":\"1/身体\",\"x\":123},{\"width\":61,\"y\":172,\"height\":208,\"name\":\"1/手\",\"x\":337},{\"width\":166,\"y\":1,\"height\":175,\"name\":\"1/头\",\"x\":1}],\"height\":512,\"name\":\"js1\",\"imagePath\":\"js1_tex.png\"}","_texture":{"__uuid__":"7f82BWMk5Fp53t3G75AwyN"},"texture":{"__uuid__":"7f82BWMk5Fp53t3G75AwyN"}}