{"__type__":"dragonBones.DragonBonesAsset","_name":"daifu_ske","_dragonBonesJson":"{\"frameRate\":24,\"armature\":[{\"defaultActions\":[{\"gotoAndPlay\":\"newAnimation\"}],\"aabb\":{\"width\":334,\"y\":-320.7723578305401,\"height\":628.635092879257,\"x\":-179.29848478717943},\"slot\":[{\"name\":\"图层_18\",\"parent\":\"root\",\"color\":{}},{\"z\":1,\"name\":\"图层_16\",\"parent\":\"图层_16\",\"color\":{}},{\"z\":2,\"name\":\"图层_17\",\"parent\":\"图层_17\",\"color\":{}},{\"z\":3,\"name\":\"图层_15\",\"parent\":\"图层_15\",\"color\":{}},{\"z\":4,\"name\":\"图层_14\",\"parent\":\"图层_14\",\"color\":{}},{\"z\":5,\"name\":\"帽子\",\"parent\":\"帽子\",\"color\":{}},{\"z\":6,\"name\":\"zb\",\"parent\":\"zuiba\",\"color\":{}}],\"type\":\"Armature\",\"frameRate\":24,\"animation\":[{\"bone\":[{\"rotateFrame\":[{\"tweenEasing\":0,\"duration\":48},{\"duration\":0,\"rotate\":-0.0114}],\"name\":\"root\",\"translateFrame\":[{\"tweenEasing\":0,\"duration\":48},{\"duration\":0}],\"scaleFrame\":[{\"tweenEasing\":0,\"duration\":48},{\"duration\":0}]},{\"rotateFrame\":[{\"tweenEasing\":0,\"duration\":24},{\"tweenEasing\":0,\"duration\":24,\"rotate\":6.382},{\"duration\":0,\"rotate\":-0.0114}],\"name\":\"图层_16\",\"translateFrame\":[{\"tweenEasing\":0,\"duration\":24},{\"y\":0.0003,\"tweenEasing\":0,\"duration\":24,\"x\":3.4408},{\"duration\":0}],\"scaleFrame\":[{\"tweenEasing\":0,\"duration\":48},{\"duration\":0}]},{\"rotateFrame\":[{\"curve\":[0.5,0,0.5,1],\"duration\":12},{\"curve\":[0.5,0,0.5,1],\"duration\":8,\"rotate\":-5.9704},{\"curve\":[0.5,0,0.5,1],\"duration\":8,\"rotate\":5.2449},{\"curve\":[0.5,0,0.5,1],\"duration\":20,\"rotate\":-5.9704},{\"duration\":0,\"rotate\":-0.0114}],\"name\":\"图层_15\",\"translateFrame\":[{\"curve\":[0.5,0,0.5,1],\"duration\":48},{\"duration\":0}],\"scaleFrame\":[{\"curve\":[0.5,0,0.5,1],\"duration\":48},{\"duration\":0}]},{\"rotateFrame\":[{\"tweenEasing\":0,\"duration\":24},{\"tweenEasing\":0,\"duration\":6,\"rotate\":-3.3482},{\"tweenEasing\":0,\"duration\":6,\"rotate\":4.5512},{\"tweenEasing\":0,\"duration\":12,\"rotate\":-3.3482},{\"duration\":0,\"rotate\":-0.0114}],\"name\":\"图层_17\",\"translateFrame\":[{\"tweenEasing\":0,\"duration\":48},{\"duration\":0}],\"scaleFrame\":[{\"tweenEasing\":0,\"duration\":48},{\"duration\":0}]},{\"rotateFrame\":[{\"tweenEasing\":0,\"duration\":12},{\"tweenEasing\":0,\"duration\":12,\"rotate\":5},{\"tweenEasing\":0,\"duration\":12},{\"tweenEasing\":0,\"duration\":12,\"rotate\":-5},{\"duration\":0,\"rotate\":-0.0114}],\"name\":\"图层_14\",\"translateFrame\":[{\"tweenEasing\":0,\"duration\":48},{\"duration\":0}],\"scaleFrame\":[{\"tweenEasing\":0,\"duration\":48},{\"duration\":0}]},{\"rotateFrame\":[{\"tweenEasing\":0,\"duration\":2},{\"tweenEasing\":0,\"duration\":1,\"rotate\":-4.4864},{\"tweenEasing\":0,\"duration\":1,\"rotate\":-2.995},{\"tweenEasing\":0,\"duration\":1,\"rotate\":-6.082},{\"tweenEasing\":0,\"duration\":29,\"rotate\":-3.5862},{\"tweenEasing\":0,\"duration\":1,\"rotate\":-3.4438},{\"tweenEasing\":0,\"duration\":1,\"rotate\":-12.1538},{\"tweenEasing\":0,\"duration\":1,\"rotate\":-2.9867},{\"tweenEasing\":0,\"duration\":11,\"rotate\":-7.1357},{\"duration\":0,\"rotate\":-0.0114}],\"name\":\"帽子\",\"translateFrame\":[{\"tweenEasing\":0,\"duration\":2},{\"tweenEasing\":0,\"duration\":32},{\"tweenEasing\":0,\"duration\":14},{\"duration\":0}],\"scaleFrame\":[{\"tweenEasing\":0,\"duration\":48},{\"duration\":0}]},{\"rotateFrame\":[{\"tweenEasing\":0,\"duration\":33},{\"tweenEasing\":0,\"duration\":15,\"rotate\":0.2093},{\"duration\":0,\"rotate\":-0.0114}],\"name\":\"zuiba\",\"translateFrame\":[{\"tweenEasing\":0,\"duration\":48},{\"duration\":0}],\"scaleFrame\":[{\"tweenEasing\":0,\"duration\":48},{\"duration\":0}]}],\"frame\":[],\"slot\":[{\"colorFrame\":[{\"tweenEasing\":0,\"duration\":48},{\"duration\":0}],\"displayFrame\":[{\"duration\":48},{\"duration\":0}],\"name\":\"图层_18\"},{\"colorFrame\":[{\"tweenEasing\":0,\"duration\":48},{\"duration\":0}],\"displayFrame\":[{\"duration\":48},{\"duration\":0}],\"name\":\"图层_16\"},{\"colorFrame\":[{\"tweenEasing\":0,\"duration\":48},{\"duration\":0}],\"displayFrame\":[{\"duration\":48},{\"duration\":0}],\"name\":\"图层_17\"},{\"colorFrame\":[{\"curve\":[0.5,0,0.5,1],\"duration\":48},{\"duration\":0}],\"displayFrame\":[{\"duration\":48},{\"duration\":0}],\"name\":\"图层_15\"},{\"colorFrame\":[{\"tweenEasing\":0,\"duration\":48},{\"duration\":0}],\"displayFrame\":[{\"duration\":48},{\"duration\":0}],\"name\":\"图层_14\"},{\"colorFrame\":[{\"tweenEasing\":0,\"duration\":48},{\"duration\":0}],\"displayFrame\":[{\"duration\":48},{\"duration\":0}],\"name\":\"帽子\"},{\"colorFrame\":[{\"tweenEasing\":0,\"duration\":48},{\"duration\":0}],\"displayFrame\":[{\"duration\":48},{\"duration\":0}],\"name\":\"zb\"}],\"playTimes\":0,\"ik\":[],\"ffd\":[],\"name\":\"newAnimation\",\"duration\":48}],\"bone\":[{\"name\":\"root\",\"transform\":{}},{\"length\":288,\"transform\":{\"y\":160.3025,\"skX\":-98.5936,\"skY\":-98.5936,\"x\":18.9635},\"parent\":\"root\",\"name\":\"图层_16\"},{\"length\":85,\"transform\":{\"y\":-116.434,\"skX\":81.9199,\"skY\":81.9199,\"x\":95.5206},\"parent\":\"图层_16\",\"name\":\"图层_15\"},{\"length\":67,\"transform\":{\"y\":139.5878,\"skX\":-107.6499,\"skY\":-107.6499,\"x\":107.5495},\"parent\":\"图层_16\",\"name\":\"图层_17\"},{\"transform\":{\"y\":9.7836,\"x\":331.7628},\"name\":\"图层_14\",\"parent\":\"图层_16\"},{\"length\":177,\"transform\":{\"y\":-25.8554,\"skX\":78.6917,\"skY\":78.6917,\"x\":79.2027},\"parent\":\"图层_14\",\"name\":\"帽子\"},{\"transform\":{\"y\":48.9126,\"x\":-34.041},\"name\":\"zuiba\",\"parent\":\"图层_14\"}],\"ik\":[],\"skin\":[{\"name\":\"\",\"slot\":[{\"display\":[{\"triangles\":[5,4,6,6,4,7,4,8,7,4,3,8,3,11,8,11,9,8,11,10,9,3,2,11,2,12,11,13,12,2,1,13,2,0,13,1,0,14,13],\"type\":\"mesh\",\"vertices\":[-119,-20.45,-100.15,-25.6,-33.8,-21.8,20.45,-24.6,82.65,-48.4,109.95,-58.8,119,-41.15,119,-25.25,113.4,-15.6,109.95,23.8,105.1,44.55,58.1,49,-95.3,55.6,-109.15,-2.1,-113.15,-1.45],\"transform\":{\"y\":184.6867,\"x\":6.3678},\"userEdges\":[],\"path\":\"daifu/图层_18\",\"edges\":[0,1,1,2,2,3,3,4,4,5,5,6,6,7,7,8,8,9,9,10,10,11,11,12,12,13,13,14,14,0],\"width\":238,\"height\":126,\"name\":\"daifu/图层_18\",\"uvs\":[0,0.3377,0.0792,0.29683,0.35798,0.32698,0.58592,0.30476,0.84727,0.11587,0.96197,0.03333,1,0.17341,1,0.2996,0.97647,0.37619,0.96197,0.68889,0.9416,0.85357,0.74412,0.88889,0.09958,0.94127,0.04139,0.48333,0.02458,0.48849]}],\"name\":\"图层_18\"},{\"display\":[{\"filterType\":\"sheet\",\"path\":\"zb\",\"type\":\"armature\",\"name\":\"zb\",\"transform\":{\"y\":1.2236,\"skX\":98.5936,\"skY\":98.5936,\"x\":-0.0283}}],\"name\":\"zb\"},{\"display\":[{\"width\":241,\"vertices\":[-98.45,62,-72.3,42.4,-35.15,22.7,18.95,7.35,16.2,-9.85,120.5,-48.6,120.5,-62,102.6,-62,7.9,-24.3,-0.65,-36.6,-13.65,-47.05,-35.15,-47.35,-73.55,-38.15,-110.4,-13.25,-120.5,10.75,-120.5,32.25,-105.8,62],\"weights\":[1,5,1,1,5,1,1,5,1,1,5,1,1,5,1,1,5,1,1,5,1,1,5,1,1,5,1,1,5,1,1,5,1,1,5,1,1,5,1,1,5,1,1,5,1,1,5,1,1,5,1],\"path\":\"daifu/帽子\",\"edges\":[0,1,1,2,2,3,3,4,4,5,5,6,6,7,7,8,8,9,9,10,10,11,11,12,12,13,13,14,14,15,15,16,16,0],\"uvs\":[0.09149,1,0.2,0.84194,0.35415,0.68306,0.57863,0.55927,0.56722,0.42056,1,0.10806,1,0,0.92573,0,0.53278,0.30403,0.4973,0.20484,0.44336,0.12056,0.35415,0.11815,0.19481,0.19234,0.04191,0.39315,0,0.58669,0,0.76008,0.061,1],\"type\":\"mesh\",\"transform\":{\"y\":13.5314,\"skX\":19.9019,\"skY\":19.9019,\"x\":55.9389},\"bonePose\":[5,0.9402767092879457,-0.34041108967046313,0.34041108967046313,0.9402767092879457,-62.35000000000001,-460.29999999999995],\"triangles\":[7,5,6,8,4,7,4,2,3,8,2,4,11,2,9,9,2,8,10,11,9,12,2,11,12,13,1,12,1,2,13,14,1,15,0,1,14,15,1,15,16,0,7,4,5],\"slotPose\":[1,0,0,1,-5.14569752281618,-466.6189700130378],\"height\":124,\"name\":\"daifu/帽子\",\"userEdges\":[]}],\"name\":\"帽子\"},{\"display\":[{\"width\":128,\"vertices\":[-57.2,-44.5,-44.75,-36.7,-29.55,-36.95,-16.55,-16.75,-10.05,-12.3,-1.5,-27.6,16.85,-38.25,36.8,-38.5,56.8,-17.5,63.95,-4.05,63.95,0.65,57.8,4,46.4,24.45,14.55,38.2,-4.35,44.5,-13.2,44.5,-18.15,40.8,-32.6,43.4,-40.65,40,-41.7,27.85,-50.45,26.8,-57.2,18,-56.75,8.15,-64,-1.2,-64,-13.1,-58.25,-14.4,-49.4,-10.5,-40.65,-13.1,-44.25,-18.3,-52.1,-17.75,-63.95,-25.3,-64,-44.5,-43.95,-12.12,-41.92,-12.72],\"weights\":[1,3,1,1,3,1,1,3,1,1,3,1,1,3,1,1,3,1,1,3,1,1,3,1,1,3,1,1,3,1,1,3,1,1,3,1,1,3,1,1,3,1,1,3,1,1,3,1,1,3,1,1,3,1,1,3,1,1,3,1,1,3,1,1,3,1,1,3,1,1,3,1,1,3,1,1,3,1,1,3,1,1,3,1,1,3,1,1,3,1,1,3,1,1,3,1,1,3,1,1,3,1],\"path\":\"daifu/图层_17\",\"edges\":[0,1,1,2,2,3,3,4,4,5,5,6,6,7,7,8,8,9,9,10,10,11,11,12,12,13,13,14,14,15,15,16,16,17,17,18,18,19,19,20,20,21,21,22,22,23,23,24,24,25,25,26,27,28,28,29,29,30,30,31,31,0,26,32,32,33,33,27],\"uvs\":[0.03984,0,0.14922,0.10225,0.25664,0.09887,0.35781,0.32584,0.42148,0.37753,0.49922,0.20731,0.58984,0.11123,0.76875,0.05281,0.94375,0.30337,0.99961,0.45449,0.99961,0.5073,0.95156,0.54494,0.8625,0.77472,0.61367,0.92921,0.46602,1,0.39687,1,0.3582,0.95843,0.24531,0.98764,0.18242,0.94944,0.17422,0.81292,0.10586,0.80112,0.05312,0.70225,0.05664,0.59157,0,0.48652,0,0.35281,0.04492,0.3382,0.11406,0.38202,0.19297,0.35281,0.16485,0.29438,0.09297,0.30056,0.01602,0.19551,0,0.0236,0.16323,0.36382,0.18151,0.35705],\"type\":\"mesh\",\"transform\":{\"y\":11.7528,\"skX\":-153.7565,\"skY\":-153.7565,\"x\":54.6927},\"bonePose\":[3,-0.8969230124880895,0.44218673619783144,-0.44218673619783144,-0.8969230124880895,136.9,-183.55],\"triangles\":[8,11,9,9,11,10,5,12,11,6,5,11,6,11,8,7,6,8,4,13,12,5,4,12,4,16,14,4,14,13,19,16,4,16,15,14,3,27,4,27,19,4,32,22,33,33,22,19,33,19,27,28,27,2,2,27,3,19,17,16,26,22,32,22,21,19,19,18,17,1,28,2,21,20,19,1,29,28,30,29,1,23,22,26,0,30,1,31,30,0,25,23,26,24,23,25],\"slotPose\":[1,-1.6653345369377348e-16,1.6653345369377348e-16,1,103.3543024771838,-167.11897001303788],\"height\":89,\"name\":\"daifu/图层_17\",\"userEdges\":[]}],\"name\":\"图层_17\"},{\"display\":[{\"width\":334,\"vertices\":[-90.32,-101.63,-92.81,-73.53,-110.57,-67.56,-104.71,-44.45,-122.48,-32.08,-150.67,24.58,-166.96,78.3,-167,106,-154.85,105.62,-148.41,140.58,-127.36,168.81,-137.63,182.05,-132.25,197.86,-133.73,213.6,-128.84,221.01,-133.28,247.65,-122.96,263.52,-71.72,271.9,-30.72,271.97,9.26,252.39,33.81,251.88,73.43,237.69,88.76,221.87,115.27,215.56,134.06,192.34,126.4,135.63,144.65,134.66,166.98,115.49,167.01,97.24,156.12,61.17,139.36,36,137.43,26.64,122.65,13.77,71.86,-23.36,50.66,-26.35,42.79,-42.61,36.9,-46.57,28.55,-82.13],\"weights\":[1,1,1,1,1,1,1,1,1,1,1,1,1,1,1,1,1,1,1,1,1,1,1,1,1,1,1,1,1,1,1,1,1,1,1,1,1,1,1,1,1,1,1,1,1,1,1,1,1,1,1,1,1,1,1,1,1,1,1,1,1,1,1,1,1,1,1,1,1,1,1,1,1,1,1,1,1,1,1,1,1,1,1,1,1,1,1,1,1,1,1,1,1,1,1,1,1,1,1,1,1,1,1,1,1,1,1,1,1,1,1,1,1,1],\"path\":\"daifu/图层_16\",\"edges\":[0,1,1,2,2,3,3,4,4,5,5,6,6,7,7,8,8,9,9,10,10,11,11,12,12,13,13,14,14,15,15,16,16,17,17,18,18,19,19,20,20,21,21,22,22,23,23,24,24,25,25,26,26,27,27,28,28,29,29,30,30,31,31,32,32,33,33,34,34,35,35,36,36,37,37,0],\"uvs\":[0.22859,0.31342,0.22126,0.36507,0.16811,0.3761,0.18578,0.41857,0.13263,0.44136,0.0485,0.54559,0,0.64439,0,0.69531,0.03638,0.69458,0.05584,0.75882,0.11901,0.81066,0.08832,0.83502,0.10449,0.86406,0.10015,0.89301,0.11482,0.90662,0.10165,0.95561,0.13263,0.98474,0.28608,1,0.40883,1,0.52844,0.96388,0.60195,0.96287,0.72051,0.93667,0.76632,0.90754,0.84566,0.89586,0.9018,0.85313,0.87859,0.7489,0.93323,0.74706,1,0.71176,1,0.67822,0.96722,0.61195,0.91692,0.56572,0.91108,0.54853,0.86677,0.52491,0.71452,0.4568,0.65105,0.45138,0.6274,0.42151,0.60973,0.41425,0.58458,0.3489],\"type\":\"mesh\",\"transform\":{\"y\":-12.3166,\"skX\":98.5936,\"skY\":98.5936,\"x\":127.714},\"bonePose\":[1,-0.1494253736516846,-0.9887730061591763,0.9887730061591763,-0.1494253736516846,14.95,-56.35],\"triangles\":[29,25,28,26,27,28,25,26,28,30,25,29,32,25,30,32,34,25,25,22,24,31,32,30,33,34,32,22,23,24,34,10,25,19,22,25,10,19,25,5,8,34,8,10,34,20,21,22,19,20,22,3,5,34,36,3,34,35,36,34,10,18,19,37,1,36,1,3,36,10,17,18,0,1,37,4,5,3,10,12,17,12,14,17,8,9,10,6,8,5,14,15,16,14,16,17,2,3,1,12,13,14,11,12,10,6,7,8],\"slotPose\":[1,0,0,1,-3.64569752281621,-284.6189700130379],\"height\":544,\"name\":\"daifu/图层_16\",\"userEdges\":[]}],\"name\":\"图层_16\"},{\"display\":[{\"width\":139,\"vertices\":[-21.45,79.5,-0.15,74.6,18.2,61.4,33.55,40.95,43.6,32.9,47.8,17.9,43.6,4.65,57.55,5.95,69.5,-4.4,69.5,-16.3,62.1,-23.1,62.25,-39.85,60.1,-49.1,54.6,-51.7,55.45,-60.25,46.1,-66.75,36.1,-64.4,15.6,-45.95,21.1,-72.5,13,-79.5,-1.75,-79.5,-13.9,-42.3,-7.55,-27.3,-8.95,0.45,-31.2,2.05,-55.05,10.7,-69.5,34.25,-69.5,61.45,-60.1,79.5],\"weights\":[1,2,1,1,2,1,1,2,1,1,2,1,1,2,1,1,2,1,1,2,1,1,2,1,1,2,1,1,2,1,1,2,1,1,2,1,1,2,1,1,2,1,1,2,1,1,2,1,1,2,1,1,2,1,1,2,1,1,2,1,1,2,1,1,2,1,1,2,1,1,2,1,1,2,1,1,2,1,1,2,1,1,2,1,1,2,1],\"path\":\"daifu/图层_15\",\"edges\":[0,1,1,2,2,3,3,4,4,5,5,6,6,7,7,8,8,9,9,10,10,11,11,12,12,13,13,14,14,15,15,16,16,17,17,18,18,19,19,20,20,21,21,22,22,23,23,24,24,25,25,26,26,27,27,28,28,0],\"uvs\":[0.34568,1,0.49892,0.96918,0.63094,0.88616,0.74137,0.75755,0.81367,0.70692,0.84388,0.61258,0.81367,0.52925,0.91403,0.53742,1,0.47233,1,0.39748,0.94676,0.35472,0.94784,0.24937,0.93237,0.19119,0.89281,0.17484,0.89892,0.12107,0.83165,0.08019,0.75971,0.09497,0.61223,0.21101,0.6518,0.04403,0.59353,0,0.48741,0,0.4,0.23396,0.44568,0.3283,0.43561,0.50283,0.27554,0.51289,0.10396,0.5673,0,0.71541,0,0.88648,0.06763,1],\"type\":\"mesh\",\"transform\":{\"y\":-23.1436,\"skX\":16.6737,\"skY\":16.6737,\"x\":75.1024},\"bonePose\":[2,0.9579543344024705,-0.28692070890669397,0.28692070890669397,0.9579543344024705,-114.45000000000002,-133.4],\"triangles\":[10,7,8,10,8,9,6,7,10,17,10,11,13,17,11,12,13,11,17,6,10,16,17,13,15,13,14,15,16,13,17,22,6,22,23,6,3,4,5,6,3,5,23,3,6,23,2,3,23,24,1,23,1,2,20,17,18,19,20,18,24,0,1,20,21,17,21,22,17,24,25,0,25,26,0,26,27,0,27,28,0],\"slotPose\":[1,0,0,1,-49.14569752281621,-177.1189700130379],\"height\":159,\"name\":\"daifu/图层_15\",\"userEdges\":[]}],\"name\":\"图层_15\"},{\"display\":[{\"width\":211,\"vertices\":[-72.75,41.45,-68.7,29.45,-65.3,46.4,-53.85,61.95,-31,78.55,-16.6,82.95,-10.85,90.3,-9.7,88.05,-3.7,95.4,8.45,100.5,51.9,99.05,85.35,81.8,105.5,57.4,105.5,31.8,93.15,20.95,98.25,6.2,92,-6.45,68.75,-8.55,56.5,-23.6,62,-31.1,61.2,-42.35,54.3,-48.55,45.8,-49.25,46.6,-53.45,54.55,-55.4,51.15,-60.85,39.4,-63.9,29.1,-62.9,26.1,-61.95,22.15,-72.85,-4.6,-100.3,-59.15,-98.95,-101.5,-70.5,-105.5,-26.1,-96,1.8,-102.9,4.9,-102.8,18.1,-88.55,27.7,-95.45,35.75,-88.8,45.6],\"weights\":[1,4,1,1,4,1,1,4,1,1,4,1,1,4,1,1,4,1,1,4,1,1,4,1,1,4,1,1,4,1,1,4,1,1,4,1,1,4,1,1,4,1,1,4,1,1,4,1,1,4,1,1,4,1,1,4,1,1,4,1,1,4,1,1,4,1,1,4,1,1,4,1,1,4,1,1,4,1,1,4,1,1,4,1,1,4,1,1,4,1,1,4,1,1,4,1,1,4,1,1,4,1,1,4,1,1,4,1,1,4,1,1,4,1,1,4,1,1,4,1],\"path\":\"daifu/图层_14\",\"edges\":[0,1,1,2,2,3,3,4,4,5,5,6,6,7,7,8,8,9,9,10,10,11,11,12,12,13,13,14,14,15,15,16,16,17,17,18,18,19,19,20,20,21,21,22,22,23,23,24,24,25,25,26,26,27,27,28,28,29,29,30,30,31,31,32,32,33,33,34,34,35,35,36,36,37,37,38,38,39,39,0],\"uvs\":[0.15521,0.70622,0.17441,0.64652,0.19052,0.73085,0.24479,0.80821,0.35308,0.8908,0.42133,0.91269,0.44858,0.94925,0.45403,0.93806,0.48246,0.97463,0.54005,1,0.74597,0.99279,0.9045,0.90697,1,0.78557,1,0.65821,0.94147,0.60423,0.96564,0.53085,0.93602,0.46791,0.82583,0.45746,0.76777,0.38259,0.79384,0.34527,0.79005,0.2893,0.75735,0.25846,0.71706,0.25498,0.72085,0.23408,0.75853,0.22438,0.74242,0.19726,0.68673,0.18209,0.63791,0.18706,0.6237,0.19179,0.60498,0.13756,0.4782,0.001,0.21967,0.00771,0.01896,0.14925,0,0.37015,0.04502,0.50896,0.01232,0.52438,0.0128,0.59005,0.08033,0.63781,0.04763,0.67786,0.07915,0.72687],\"type\":\"mesh\",\"transform\":{\"y\":14.4938,\"skX\":98.5936,\"skY\":98.5936,\"x\":10.2179},\"bonePose\":[4,-0.1494253736516846,-0.9887730061591763,0.9887730061591763,-0.1494253736516846,-24.950000000000017,-385.8500000000001],\"triangles\":[14,11,12,14,12,13,10,11,14,16,17,14,16,14,15,17,10,14,7,10,17,5,7,17,7,9,10,18,5,17,1,5,18,22,18,19,21,22,19,21,19,20,1,3,4,1,4,5,22,28,18,28,1,18,25,23,24,26,23,25,26,22,23,26,27,22,27,28,22,33,34,31,7,8,9,31,34,28,34,1,28,30,31,29,29,31,28,1,2,3,32,33,31,5,6,7,34,37,1,37,0,1,37,39,0,35,36,34,34,36,37,37,38,39],\"slotPose\":[1,0,0,1,-12.145697522816198,-398.11897001303777],\"height\":201,\"name\":\"daifu/图层_14\",\"userEdges\":[]}],\"name\":\"图层_14\"}]}],\"name\":\"Armature\"},{\"defaultActions\":[{\"gotoAndPlay\":\"zb\"}],\"aabb\":{\"width\":52,\"y\":-13.5,\"height\":27,\"x\":-26},\"slot\":[{\"displayIndex\":5,\"name\":\"sheetSlot\",\"parent\":\"root\",\"color\":{}}],\"type\":\"Sheet\",\"frameRate\":6,\"animation\":[{\"bone\":[],\"frame\":[],\"slot\":[{\"colorFrame\":[],\"displayFrame\":[{\"duration\":1},{\"value\":1,\"duration\":1},{\"value\":2,\"duration\":1},{\"value\":3,\"duration\":1},{\"value\":4,\"duration\":1},{\"value\":5,\"duration\":1},{\"value\":6,\"duration\":1},{\"value\":7,\"duration\":1},{\"value\":8,\"duration\":1},{\"value\":9,\"duration\":1},{\"value\":10,\"duration\":1},{\"value\":11,\"duration\":1}],\"name\":\"sheetSlot\"}],\"playTimes\":0,\"ik\":[],\"ffd\":[],\"name\":\"zb\",\"duration\":12}],\"bone\":[{\"name\":\"root\",\"transform\":{}}],\"ik\":[],\"skin\":[{\"name\":\"\",\"slot\":[{\"display\":[{\"path\":\"zuib/1\",\"type\":\"image\",\"name\":\"zuib/1\",\"transform\":{}},{\"path\":\"zuib/2\",\"type\":\"image\",\"name\":\"zuib/2\",\"transform\":{}},{\"path\":\"zuib/3\",\"type\":\"image\",\"name\":\"zuib/3\",\"transform\":{}},{\"path\":\"zuib/4\",\"type\":\"image\",\"name\":\"zuib/4\",\"transform\":{}},{\"path\":\"zuib/5\",\"type\":\"image\",\"name\":\"zuib/5\",\"transform\":{}},{\"path\":\"zuib/6\",\"type\":\"image\",\"name\":\"zuib/6\",\"transform\":{}},{\"path\":\"zuib/7\",\"type\":\"image\",\"name\":\"zuib/7\",\"transform\":{}},{\"path\":\"zuib/8\",\"type\":\"image\",\"name\":\"zuib/8\",\"transform\":{}},{\"path\":\"zuib/9\",\"type\":\"image\",\"name\":\"zuib/9\",\"transform\":{}},{\"path\":\"zuib/10\",\"type\":\"image\",\"name\":\"zuib/10\",\"transform\":{}},{\"path\":\"zuib/11\",\"type\":\"image\",\"name\":\"zuib/11\",\"transform\":{}},{\"path\":\"zuib/12\",\"type\":\"image\",\"name\":\"zuib/12\",\"transform\":{}}],\"name\":\"sheetSlot\"}]}],\"name\":\"zb\"}],\"isGlobal\":0,\"name\":\"daifu\",\"version\":\"5.5\"}"}