{"__type__":"dragonBones.DragonBonesAtlasAsset","_name":"daifu_tex","_atlasJson":"{\"SubTexture\":[{\"width\":238,\"y\":750,\"height\":126,\"name\":\"daifu/图层_18\",\"x\":1},{\"width\":334,\"y\":1,\"height\":544,\"name\":\"daifu/图层_16\",\"x\":1},{\"width\":128,\"y\":673,\"height\":89,\"name\":\"daifu/图层_17\",\"x\":382},{\"width\":139,\"y\":673,\"height\":159,\"name\":\"daifu/图层_15\",\"x\":241},{\"width\":211,\"y\":547,\"height\":201,\"name\":\"daifu/图层_14\",\"x\":1},{\"width\":241,\"y\":547,\"height\":124,\"name\":\"daifu/帽子\",\"x\":214},{\"width\":52,\"y\":793,\"height\":27,\"name\":\"zuib/4\",\"x\":444},{\"width\":60,\"y\":764,\"height\":36,\"name\":\"zuib/5\",\"x\":382},{\"width\":25,\"y\":673,\"height\":27,\"name\":\"zuib/1\",\"x\":214},{\"width\":46,\"y\":831,\"height\":25,\"name\":\"zuib/9\",\"x\":382},{\"width\":25,\"y\":702,\"height\":27,\"name\":\"zuib/7\",\"x\":214},{\"width\":52,\"y\":764,\"height\":27,\"name\":\"zuib/8\",\"x\":444},{\"width\":52,\"y\":802,\"height\":27,\"name\":\"zuib/10\",\"x\":382},{\"width\":46,\"y\":851,\"height\":25,\"name\":\"zuib/11\",\"x\":430},{\"width\":46,\"y\":834,\"height\":25,\"name\":\"zuib/3\",\"x\":241},{\"width\":52,\"y\":822,\"height\":27,\"name\":\"zuib/6\",\"x\":436},{\"width\":13,\"y\":764,\"height\":13,\"name\":\"zuib/12\",\"x\":498},{\"width\":13,\"y\":731,\"height\":13,\"name\":\"zuib/2\",\"x\":214}],\"width\":512,\"height\":1024,\"name\":\"daifu\",\"imagePath\":\"daifu_tex.png\"}","_texture":{"__uuid__":"36csQqm75IMbY0onTBYtPW"},"texture":{"__uuid__":"36csQqm75IMbY0onTBYtPW"}}