[{"__type__":"cc.AudioClip","_name":"js4","_native":".mp3","duration":1.802375},{"__type__":"dragonBones.DragonBonesAsset","_name":"js2_ske","_dragonBonesJson":"{\"frameRate\":24,\"armature\":[{\"defaultActions\":[{\"gotoAndPlay\":\"zou\"}],\"aabb\":{\"width\":252.48051311796024,\"y\":-436.96095111600664,\"height\":449.87309076660637,\"x\":-139.99752122163892},\"slot\":[{\"name\":\"手2\",\"parent\":\"手23\",\"color\":{}},{\"z\":1,\"name\":\"腿2\",\"parent\":\"腿23\",\"color\":{}},{\"z\":2,\"name\":\"身体\",\"parent\":\"身体\",\"color\":{}},{\"z\":3,\"name\":\"腿\",\"parent\":\"腿2\",\"color\":{}},{\"z\":4,\"name\":\"手\",\"parent\":\"手2\",\"color\":{}},{\"z\":5,\"name\":\"头\",\"parent\":\"头\",\"color\":{}}],\"type\":\"Armature\",\"frameRate\":24,\"animation\":[{\"bone\":[{\"rotateFrame\":[],\"scaleFrame\":[],\"translateFrame\":[],\"name\":\"root\"},{\"rotateFrame\":[{\"tweenEasing\":0,\"duration\":24},{\"duration\":0}],\"scaleFrame\":[{\"tweenEasing\":0,\"duration\":24},{\"duration\":0}],\"translateFrame\":[{\"y\":3.9029,\"tweenEasing\":0,\"duration\":12},{\"y\":-3.9029,\"tweenEasing\":0,\"duration\":12},{\"y\":3.9029,\"duration\":0}],\"name\":\"身体\"},{\"rotateFrame\":[],\"scaleFrame\":[],\"translateFrame\":[{\"y\":-1.7807,\"tweenEasing\":0,\"duration\":12,\"x\":-12.5867},{\"y\":-4.7078,\"tweenEasing\":0,\"duration\":12,\"x\":65.4461},{\"y\":-1.7807,\"duration\":0,\"x\":-12.5867}],\"name\":\"bone_ikTarget3\"},{\"rotateFrame\":[{\"tweenEasing\":0,\"duration\":24},{\"duration\":0}],\"scaleFrame\":[{\"tweenEasing\":0,\"duration\":24},{\"duration\":0}],\"translateFrame\":[{\"tweenEasing\":0,\"duration\":12},{\"y\":-7.2809,\"tweenEasing\":0,\"duration\":12,\"x\":-17.5582},{\"duration\":0}],\"name\":\"bone_ikTarget5\"},{\"rotateFrame\":[],\"scaleFrame\":[],\"translateFrame\":[{\"y\":-3.1955,\"tweenEasing\":0,\"duration\":12,\"x\":14.2454},{\"y\":-3.8297,\"tweenEasing\":0,\"duration\":12,\"x\":-71.3004},{\"y\":-3.1955,\"duration\":0,\"x\":14.2454}],\"name\":\"bone_ikTarget1\"},{\"rotateFrame\":[{\"tweenEasing\":0,\"duration\":24},{\"duration\":0}],\"scaleFrame\":[{\"tweenEasing\":0,\"duration\":24},{\"duration\":0}],\"translateFrame\":[{\"tweenEasing\":0,\"duration\":12},{\"y\":-5.0686,\"tweenEasing\":0,\"duration\":12,\"x\":22.9349},{\"duration\":0}],\"name\":\"bone_ikTarget7\"},{\"rotateFrame\":[],\"scaleFrame\":[],\"translateFrame\":[],\"name\":\"腿21\"},{\"rotateFrame\":[],\"scaleFrame\":[],\"translateFrame\":[],\"name\":\"手21\"},{\"rotateFrame\":[],\"scaleFrame\":[],\"translateFrame\":[],\"name\":\"bone_ikTarget2\"},{\"rotateFrame\":[],\"scaleFrame\":[],\"translateFrame\":[],\"name\":\"手\"},{\"rotateFrame\":[],\"scaleFrame\":[],\"translateFrame\":[],\"name\":\"腿\"},{\"rotateFrame\":[],\"scaleFrame\":[],\"translateFrame\":[],\"name\":\"bone_ikTarget\"},{\"rotateFrame\":[{\"tweenEasing\":0,\"duration\":12,\"rotate\":-3.7847},{\"tweenEasing\":0,\"duration\":12,\"rotate\":9.8366},{\"duration\":0,\"rotate\":-3.7847}],\"scaleFrame\":[{\"tweenEasing\":0,\"duration\":24},{\"duration\":0}],\"translateFrame\":[{\"tweenEasing\":0,\"duration\":24},{\"duration\":0}],\"name\":\"头\"},{\"rotateFrame\":[],\"scaleFrame\":[],\"translateFrame\":[],\"name\":\"bone_ikTarget4\"},{\"rotateFrame\":[],\"scaleFrame\":[],\"translateFrame\":[],\"name\":\"bone_ikTarget6\"},{\"rotateFrame\":[],\"scaleFrame\":[],\"translateFrame\":[],\"name\":\"手1\"},{\"rotateFrame\":[],\"scaleFrame\":[],\"translateFrame\":[],\"name\":\"手22\"},{\"rotateFrame\":[],\"scaleFrame\":[],\"translateFrame\":[],\"name\":\"腿22\"},{\"rotateFrame\":[],\"scaleFrame\":[],\"translateFrame\":[],\"name\":\"腿1\"},{\"rotateFrame\":[],\"scaleFrame\":[],\"translateFrame\":[],\"name\":\"腿23\"},{\"rotateFrame\":[],\"scaleFrame\":[],\"translateFrame\":[],\"name\":\"手2\"},{\"rotateFrame\":[],\"scaleFrame\":[],\"translateFrame\":[],\"name\":\"腿2\"},{\"rotateFrame\":[],\"scaleFrame\":[],\"translateFrame\":[],\"name\":\"手23\"}],\"frame\":[],\"slot\":[{\"displayFrame\":[],\"name\":\"手2\",\"colorFrame\":[]},{\"displayFrame\":[],\"name\":\"腿2\",\"colorFrame\":[]},{\"displayFrame\":[],\"name\":\"身体\",\"colorFrame\":[]},{\"displayFrame\":[],\"name\":\"腿\",\"colorFrame\":[]},{\"displayFrame\":[],\"name\":\"手\",\"colorFrame\":[]},{\"displayFrame\":[],\"name\":\"头\",\"colorFrame\":[]}],\"ik\":[{\"frame\":[{\"bendPositive\":true,\"tweenEasing\":0,\"duration\":24,\"weight\":1},{\"bendPositive\":true,\"tweenEasing\":null,\"duration\":0,\"weight\":1}],\"offset\":0,\"name\":\"bone_ik7\",\"scale\":1},{\"frame\":[{\"bendPositive\":true,\"tweenEasing\":0,\"duration\":24,\"weight\":1},{\"bendPositive\":true,\"tweenEasing\":null,\"duration\":0,\"weight\":1}],\"offset\":0,\"name\":\"bone_ik5\",\"scale\":1}],\"playTimes\":0,\"ffd\":[],\"name\":\"zou\",\"duration\":24},{\"bone\":[{\"rotateFrame\":[],\"scaleFrame\":[],\"translateFrame\":[],\"name\":\"root\"},{\"rotateFrame\":[{\"tweenEasing\":0,\"duration\":24},{\"duration\":0}],\"scaleFrame\":[{\"tweenEasing\":0,\"duration\":24},{\"duration\":0}],\"translateFrame\":[{\"y\":3.9029,\"tweenEasing\":0,\"duration\":12},{\"y\":-3.9029,\"tweenEasing\":0,\"duration\":12},{\"y\":3.9029,\"duration\":0}],\"name\":\"身体\"},{\"rotateFrame\":[],\"scaleFrame\":[],\"translateFrame\":[{\"y\":-1.7807,\"tweenEasing\":0,\"duration\":12,\"x\":-12.5867},{\"y\":-4.7078,\"tweenEasing\":0,\"duration\":12,\"x\":65.4461},{\"y\":-1.7807,\"duration\":0,\"x\":-12.5867}],\"name\":\"bone_ikTarget3\"},{\"rotateFrame\":[{\"tweenEasing\":0,\"duration\":24},{\"duration\":0}],\"scaleFrame\":[{\"tweenEasing\":0,\"duration\":24},{\"duration\":0}],\"translateFrame\":[{\"tweenEasing\":0,\"duration\":12},{\"y\":-7.2809,\"tweenEasing\":0,\"duration\":12,\"x\":-17.5582},{\"duration\":0}],\"name\":\"bone_ikTarget5\"},{\"rotateFrame\":[],\"scaleFrame\":[],\"translateFrame\":[{\"y\":-3.1955,\"tweenEasing\":0,\"duration\":12,\"x\":14.2454},{\"y\":-3.8297,\"tweenEasing\":0,\"duration\":12,\"x\":-71.3004},{\"y\":-3.1955,\"duration\":0,\"x\":14.2454}],\"name\":\"bone_ikTarget1\"},{\"rotateFrame\":[{\"tweenEasing\":0,\"duration\":24},{\"duration\":0}],\"scaleFrame\":[{\"tweenEasing\":0,\"duration\":24},{\"duration\":0}],\"translateFrame\":[{\"tweenEasing\":0,\"duration\":12},{\"y\":-5.0686,\"tweenEasing\":0,\"duration\":12,\"x\":22.9349},{\"duration\":0}],\"name\":\"bone_ikTarget7\"},{\"rotateFrame\":[],\"scaleFrame\":[],\"translateFrame\":[],\"name\":\"腿21\"},{\"rotateFrame\":[],\"scaleFrame\":[],\"translateFrame\":[],\"name\":\"手21\"},{\"rotateFrame\":[],\"scaleFrame\":[],\"translateFrame\":[],\"name\":\"bone_ikTarget2\"},{\"rotateFrame\":[],\"scaleFrame\":[],\"translateFrame\":[],\"name\":\"手\"},{\"rotateFrame\":[],\"scaleFrame\":[],\"translateFrame\":[],\"name\":\"腿\"},{\"rotateFrame\":[],\"scaleFrame\":[],\"translateFrame\":[],\"name\":\"bone_ikTarget\"},{\"rotateFrame\":[{\"tweenEasing\":0,\"duration\":12,\"rotate\":-3.7847},{\"tweenEasing\":0,\"duration\":4,\"rotate\":9.8366},{\"tweenEasing\":0,\"duration\":8,\"rotate\":5.2961},{\"duration\":0,\"rotate\":-56.7387}],\"scaleFrame\":[{\"tweenEasing\":0,\"duration\":16},{\"tweenEasing\":0,\"duration\":8},{\"duration\":0}],\"translateFrame\":[{\"tweenEasing\":0,\"duration\":16},{\"tweenEasing\":0,\"duration\":8},{\"y\":-85.8898,\"duration\":0,\"x\":-183.4033}],\"name\":\"头\"},{\"rotateFrame\":[],\"scaleFrame\":[],\"translateFrame\":[],\"name\":\"bone_ikTarget4\"},{\"rotateFrame\":[],\"scaleFrame\":[],\"translateFrame\":[],\"name\":\"bone_ikTarget6\"},{\"rotateFrame\":[],\"scaleFrame\":[],\"translateFrame\":[],\"name\":\"手1\"},{\"rotateFrame\":[],\"scaleFrame\":[],\"translateFrame\":[],\"name\":\"手22\"},{\"rotateFrame\":[],\"scaleFrame\":[],\"translateFrame\":[],\"name\":\"腿22\"},{\"rotateFrame\":[],\"scaleFrame\":[],\"translateFrame\":[],\"name\":\"腿1\"},{\"rotateFrame\":[],\"scaleFrame\":[],\"translateFrame\":[],\"name\":\"腿23\"},{\"rotateFrame\":[],\"scaleFrame\":[],\"translateFrame\":[],\"name\":\"手2\"},{\"rotateFrame\":[],\"scaleFrame\":[],\"translateFrame\":[],\"name\":\"腿2\"},{\"rotateFrame\":[],\"scaleFrame\":[],\"translateFrame\":[],\"name\":\"手23\"}],\"frame\":[],\"slot\":[{\"displayFrame\":[],\"name\":\"手2\",\"colorFrame\":[]},{\"displayFrame\":[],\"name\":\"腿2\",\"colorFrame\":[]},{\"displayFrame\":[],\"name\":\"身体\",\"colorFrame\":[]},{\"displayFrame\":[],\"name\":\"腿\",\"colorFrame\":[]},{\"displayFrame\":[],\"name\":\"手\",\"colorFrame\":[]},{\"displayFrame\":[],\"name\":\"头\",\"colorFrame\":[]}],\"ik\":[{\"frame\":[{\"bendPositive\":true,\"tweenEasing\":0,\"duration\":24,\"weight\":1},{\"bendPositive\":true,\"tweenEasing\":null,\"duration\":0,\"weight\":1}],\"offset\":0,\"name\":\"bone_ik7\",\"scale\":1},{\"frame\":[{\"bendPositive\":true,\"tweenEasing\":0,\"duration\":24,\"weight\":1},{\"bendPositive\":true,\"tweenEasing\":null,\"duration\":0,\"weight\":1}],\"offset\":0,\"name\":\"bone_ik5\",\"scale\":1}],\"playTimes\":0,\"ffd\":[],\"name\":\"si\",\"duration\":24},{\"bone\":[{\"rotateFrame\":[],\"scaleFrame\":[],\"translateFrame\":[],\"name\":\"root\"},{\"rotateFrame\":[{\"tweenEasing\":0,\"duration\":24},{\"duration\":0}],\"scaleFrame\":[{\"tweenEasing\":0,\"duration\":24},{\"duration\":0}],\"translateFrame\":[{\"y\":3.9029,\"tweenEasing\":0,\"duration\":12},{\"y\":-3.9029,\"tweenEasing\":0,\"duration\":12},{\"y\":3.9029,\"duration\":0}],\"name\":\"身体\"},{\"rotateFrame\":[],\"scaleFrame\":[],\"translateFrame\":[{\"y\":-1.7807,\"tweenEasing\":0,\"duration\":12,\"x\":-12.5867},{\"y\":-4.7078,\"tweenEasing\":0,\"duration\":12,\"x\":65.4461},{\"y\":-1.7807,\"duration\":0,\"x\":-12.5867}],\"name\":\"bone_ikTarget3\"},{\"rotateFrame\":[{\"tweenEasing\":0,\"duration\":24},{\"duration\":0}],\"scaleFrame\":[{\"tweenEasing\":0,\"duration\":24},{\"duration\":0}],\"translateFrame\":[{\"tweenEasing\":0,\"duration\":12},{\"y\":-7.2809,\"tweenEasing\":0,\"duration\":12,\"x\":-17.5582},{\"duration\":0}],\"name\":\"bone_ikTarget5\"},{\"rotateFrame\":[],\"scaleFrame\":[],\"translateFrame\":[{\"y\":-3.1955,\"tweenEasing\":0,\"duration\":12,\"x\":14.2454},{\"y\":-3.8297,\"tweenEasing\":0,\"duration\":12,\"x\":-71.3004},{\"y\":-3.1955,\"duration\":0,\"x\":14.2454}],\"name\":\"bone_ikTarget1\"},{\"rotateFrame\":[{\"tweenEasing\":0,\"duration\":8},{\"tweenEasing\":0,\"duration\":6,\"rotate\":74.1199},{\"tweenEasing\":0,\"duration\":10,\"rotate\":-10.8072},{\"duration\":0}],\"scaleFrame\":[{\"tweenEasing\":0,\"duration\":24},{\"duration\":0}],\"translateFrame\":[{\"tweenEasing\":0,\"duration\":8},{\"y\":-134.268,\"tweenEasing\":0,\"duration\":6,\"x\":-122.6296},{\"y\":-40.123,\"tweenEasing\":0,\"duration\":10,\"x\":-56.6125},{\"duration\":0}],\"name\":\"bone_ikTarget7\"},{\"rotateFrame\":[],\"scaleFrame\":[],\"translateFrame\":[],\"name\":\"腿21\"},{\"rotateFrame\":[],\"scaleFrame\":[],\"translateFrame\":[],\"name\":\"手21\"},{\"rotateFrame\":[],\"scaleFrame\":[],\"translateFrame\":[],\"name\":\"bone_ikTarget2\"},{\"rotateFrame\":[],\"scaleFrame\":[],\"translateFrame\":[],\"name\":\"手\"},{\"rotateFrame\":[],\"scaleFrame\":[],\"translateFrame\":[],\"name\":\"腿\"},{\"rotateFrame\":[],\"scaleFrame\":[],\"translateFrame\":[],\"name\":\"bone_ikTarget\"},{\"rotateFrame\":[{\"tweenEasing\":0,\"duration\":12,\"rotate\":-3.7847},{\"tweenEasing\":0,\"duration\":12,\"rotate\":9.8366},{\"duration\":0,\"rotate\":-3.7847}],\"scaleFrame\":[{\"tweenEasing\":0,\"duration\":24},{\"duration\":0}],\"translateFrame\":[{\"tweenEasing\":0,\"duration\":24},{\"duration\":0}],\"name\":\"头\"},{\"rotateFrame\":[],\"scaleFrame\":[],\"translateFrame\":[],\"name\":\"bone_ikTarget4\"},{\"rotateFrame\":[{\"duration\":8},{\"duration\":16,\"rotate\":1.5797}],\"scaleFrame\":[],\"translateFrame\":[{\"duration\":8},{\"y\":-1.511,\"tweenEasing\":0,\"duration\":6,\"x\":-14.8587},{\"y\":8.0641,\"duration\":10,\"x\":11.3096}],\"name\":\"bone_ikTarget6\"},{\"rotateFrame\":[],\"scaleFrame\":[],\"translateFrame\":[],\"name\":\"手1\"},{\"rotateFrame\":[],\"scaleFrame\":[],\"translateFrame\":[],\"name\":\"手22\"},{\"rotateFrame\":[],\"scaleFrame\":[],\"translateFrame\":[],\"name\":\"腿22\"},{\"rotateFrame\":[],\"scaleFrame\":[],\"translateFrame\":[],\"name\":\"腿1\"},{\"rotateFrame\":[],\"scaleFrame\":[],\"translateFrame\":[],\"name\":\"腿23\"},{\"rotateFrame\":[],\"scaleFrame\":[],\"translateFrame\":[],\"name\":\"手2\"},{\"rotateFrame\":[],\"scaleFrame\":[],\"translateFrame\":[],\"name\":\"腿2\"},{\"rotateFrame\":[],\"scaleFrame\":[],\"translateFrame\":[],\"name\":\"手23\"}],\"frame\":[],\"slot\":[{\"displayFrame\":[],\"name\":\"手2\",\"colorFrame\":[]},{\"displayFrame\":[],\"name\":\"腿2\",\"colorFrame\":[]},{\"displayFrame\":[],\"name\":\"身体\",\"colorFrame\":[]},{\"displayFrame\":[],\"name\":\"腿\",\"colorFrame\":[]},{\"displayFrame\":[],\"name\":\"手\",\"colorFrame\":[]},{\"displayFrame\":[],\"name\":\"头\",\"colorFrame\":[]}],\"ik\":[{\"frame\":[{\"bendPositive\":true,\"tweenEasing\":0,\"duration\":24,\"weight\":1},{\"bendPositive\":true,\"tweenEasing\":null,\"duration\":0,\"weight\":1}],\"offset\":0,\"name\":\"bone_ik7\",\"scale\":1},{\"frame\":[{\"bendPositive\":true,\"tweenEasing\":0,\"duration\":24,\"weight\":1},{\"bendPositive\":true,\"tweenEasing\":null,\"duration\":0,\"weight\":1}],\"offset\":0,\"name\":\"bone_ik5\",\"scale\":1}],\"playTimes\":0,\"ffd\":[],\"name\":\"zhua\",\"duration\":24}],\"ik\":[{\"target\":\"bone_ikTarget6\",\"bone\":\"手22\",\"name\":\"bone_ik6\",\"chain\":1},{\"target\":\"bone_ikTarget2\",\"bone\":\"腿22\",\"bendPositive\":\"false\",\"name\":\"bone_ik2\",\"chain\":1},{\"target\":\"bone_ikTarget4\",\"bone\":\"手1\",\"name\":\"bone_ik4\",\"chain\":1},{\"target\":\"bone_ikTarget\",\"bone\":\"腿1\",\"bendPositive\":\"false\",\"name\":\"bone_ik\",\"chain\":1},{\"bone\":\"腿23\",\"name\":\"bone_ik3\",\"target\":\"bone_ikTarget3\"},{\"bone\":\"手2\",\"name\":\"bone_ik5\",\"target\":\"bone_ikTarget5\"},{\"bone\":\"腿2\",\"name\":\"bone_ik1\",\"target\":\"bone_ikTarget1\"},{\"bone\":\"手23\",\"name\":\"bone_ik7\",\"target\":\"bone_ikTarget7\"}],\"bone\":[{\"name\":\"root\",\"transform\":{}},{\"length\":146,\"transform\":{\"y\":-163.85,\"skX\":-110.7641,\"skY\":-110.7641,\"x\":29},\"parent\":\"root\",\"name\":\"身体\"},{\"inheritRotation\":false,\"inheritScale\":false,\"transform\":{\"y\":-28.958,\"x\":-59.6292},\"name\":\"bone_ikTarget3\",\"parent\":\"root\"},{\"inheritScale\":false,\"transform\":{\"y\":-87.7351,\"x\":14.3269},\"name\":\"bone_ikTarget5\",\"parent\":\"root\"},{\"inheritRotation\":false,\"inheritScale\":false,\"transform\":{\"y\":-18.7692,\"x\":8.7044},\"name\":\"bone_ikTarget1\",\"parent\":\"root\"},{\"transform\":{\"y\":-98.5443,\"x\":-65.2666},\"name\":\"bone_ikTarget7\",\"parent\":\"root\"},{\"transform\":{\"y\":-18.5738,\"x\":64.1919},\"name\":\"bone_ikTarget2\",\"parent\":\"bone_ikTarget3\"},{\"length\":80,\"transform\":{\"y\":-10.3366,\"skX\":-148.6535,\"skY\":-148.6535,\"x\":122.726},\"parent\":\"身体\",\"name\":\"手21\"},{\"length\":56,\"transform\":{\"y\":-17.2294,\"skX\":-158.4774,\"skY\":-158.4774,\"x\":6.1895},\"parent\":\"身体\",\"name\":\"腿21\"},{\"length\":71,\"transform\":{\"y\":22.207,\"skX\":-156.1225,\"skY\":-156.1225,\"x\":107.5102},\"parent\":\"身体\",\"name\":\"手\"},{\"length\":66,\"transform\":{\"y\":18.4661,\"skX\":-156.7727,\"skY\":-156.7727,\"x\":0.7522},\"parent\":\"身体\",\"name\":\"腿\"},{\"transform\":{\"y\":-25.7822,\"x\":76.9587},\"name\":\"bone_ikTarget\",\"parent\":\"bone_ikTarget1\"},{\"length\":136,\"transform\":{\"y\":-5.4838,\"skX\":-6.078,\"skY\":-6.078,\"x\":132.0725},\"parent\":\"身体\",\"name\":\"头\"},{\"transform\":{\"y\":-54.5509,\"x\":-7.9039},\"name\":\"bone_ikTarget4\",\"parent\":\"bone_ikTarget5\"},{\"transform\":{\"y\":-48.6792,\"x\":16.0168},\"name\":\"bone_ikTarget6\",\"parent\":\"bone_ikTarget7\"},{\"length\":63,\"transform\":{\"skX\":-19.8799,\"skY\":-19.8799,\"x\":56.655},\"parent\":\"腿21\",\"name\":\"腿22\"},{\"length\":48,\"transform\":{\"y\":0.3984,\"skX\":0.9498,\"skY\":0.9498,\"x\":82.1562},\"parent\":\"手21\",\"name\":\"手22\"},{\"length\":63,\"transform\":{\"skX\":5.6877,\"skY\":5.6877,\"x\":71.806},\"parent\":\"手\",\"name\":\"手1\"},{\"length\":71,\"transform\":{\"skX\":-33.0721,\"skY\":-33.0721,\"x\":66.3113},\"parent\":\"腿\",\"name\":\"腿1\"},{\"length\":65,\"transform\":{\"skX\":93.4742,\"skY\":93.4742,\"x\":63.345},\"parent\":\"腿22\",\"name\":\"腿23\"},{\"length\":52,\"transform\":{\"skX\":-6.6834,\"skY\":-6.6834,\"x\":63.3965},\"parent\":\"手1\",\"name\":\"手2\"},{\"length\":77,\"transform\":{\"skX\":103.7353,\"skY\":103.7353,\"x\":71.9793},\"parent\":\"腿1\",\"name\":\"腿2\"},{\"length\":48,\"transform\":{\"y\":0.016,\"skX\":7.2424,\"skY\":7.2424,\"x\":48.9412},\"parent\":\"手22\",\"name\":\"手23\"}],\"skin\":[{\"name\":\"\",\"slot\":[{\"display\":[{\"width\":121,\"bonePose\":[10,-0.042979117235528164,0.99907597082587,-0.99907597082587,-0.042979117235528164,46,-171.1,18,0.5091739014030441,0.86066366144389,-0.86066366144389,0.5091739014030441,43.150000000000006,-104.85,21,-0.9569480837022307,0.2902591343930938,-0.2902591343930938,-0.9569480837022307,79.8,-42.89999999999999],\"vertices\":[-8.5,-89.5,-15.5,-84.85,-19.7,-77.6,-23.6,-34.15,-21.85,-33.1,-11.65,-36.8,-11.9,-21.45,-21.1,-10.15,-16.55,-2.25,-9.85,3,-1.85,-1.05,15.2,24.4,5.2,25.15,3.9,29.65,9.8,34.8,6.4,37.2,6,42.05,-13.2,40.8,-27.45,42.05,-39.45,46.75,-43.05,55.2,-48.85,61.35,-51.35,67.7,-56.85,71.55,-60.5,77.9,-60.5,82.65,-52.45,89.5,-26.25,89.5,-10.05,87,10.6,79.35,22.45,72.65,52,72.85,57.85,71.45,60.5,67.7,60.5,58.3,57.7,54.65,57.7,22.55,53.1,21.35,40.5,25.05,29.45,18.8,17.35,-12.2,5.3,-19.5,5.1,-27.05,11,-27.95,14.65,-20.4,24.7,-26.3,22.2,-37.1,21,-82.35,15.3,-87.7,6.3,-89.5],\"slotPose\":[0.9999999999999998,2.220446049250313e-16,-2.220446049250313e-16,0.9999999999999998,45.99999999999999,-91.45],\"path\":\"2/腿\",\"uvs\":[0.42975,0,0.3719,0.02598,0.33719,0.06648,0.30496,0.30922,0.31942,0.31508,0.40372,0.29441,0.40165,0.38017,0.32562,0.4433,0.36322,0.48743,0.4186,0.51676,0.48471,0.49413,0.62562,0.63631,0.54298,0.6405,0.53223,0.66564,0.58099,0.69441,0.55289,0.70782,0.54959,0.73492,0.39091,0.72793,0.27314,0.73492,0.17397,0.76117,0.14421,0.80838,0.09628,0.84274,0.07562,0.87821,0.03017,0.89972,0,0.9352,0,0.96173,0.06653,1,0.28306,1,0.41694,0.98603,0.5876,0.9433,0.68554,0.90587,0.92975,0.90698,0.9781,0.89916,1,0.87821,1,0.8257,0.97686,0.80531,0.97686,0.62598,0.93884,0.61927,0.83471,0.63994,0.74339,0.60503,0.64339,0.43184,0.5438,0.39106,0.54215,0.34888,0.59091,0.34385,0.62107,0.38603,0.70413,0.35307,0.68347,0.29274,0.67355,0.03994,0.62645,0.01006,0.55207,0],\"weights\":[3,10,0.964144657052994,18,0.028026698080629662,21,0.007828644866376359,3,10,0.9398247528651799,18,0.0477112619725711,21,0.012463985162249017,3,10,0.9026706365540332,18,0.07866116762705802,21,0.018668195818908717,3,10,0.6273989660813372,18,0.34063962026101124,21,0.03196141365765157,3,10,0.6372982019891577,18,0.33451539054336477,21,0.02818640746747759,3,10,0.8589190459234503,18,0.1319197568696412,21,0.009161197206908469,3,10,0.6194269168682104,18,0.3720969481608584,21,0.008476134970931205,3,10,0.4821196162968527,18,0.48577678919867695,21,0.0321035945044703,3,10,0.47022269350132007,18,0.49220730474843827,21,0.03757000175024169,3,10,0.3713056989108812,18,0.5901630803585144,21,0.03853122073060438,3,10,0.15330987373081945,18,0.8392924894608745,21,0.007397636808306068,3,10,0.00756302978140014,18,0.97589439423455,21,0.016542575984049807,3,10,0.08042087432141877,18,0.785154988009119,21,0.1344241376694622,3,10,0.0900344347776561,18,0.6679583055599067,21,0.24200725966243727,3,10,0.048348720300132104,18,0.6516398322390075,21,0.30001144746086045,3,10,0.058788595865492,18,0.49658277397577244,21,0.4446286301587355,3,10,0.04147844096308792,21,0.6474845703342295,18,0.3110369887026827,3,10,0.09753121008960029,21,0.6771357906623577,18,0.22533299924804195,3,10,0.1114502500393938,21,0.7189237075931931,18,0.16962604236741305,3,10,0.0850924467156574,21,0.8047644306861488,18,0.11014312259819374,3,10,0.036546436859287275,21,0.9153274086951848,18,0.048126154445527904,3,10,0.021068634784558653,21,0.951847018966536,18,0.027084346248905326,3,10,0.015222698860876523,21,0.9649485276397879,18,0.019828773499335605,3,10,0.026590335047266815,21,0.9397671742209358,18,0.03364249073179742,3,10,0.0370500255707956,21,0.9159456201286262,18,0.047004354300578116,3,10,0.04049199662741417,21,0.9069035193674951,18,0.05260448400509082,3,10,0.03511409945891512,21,0.9139514532821051,18,0.0509344472589797,3,10,0.037344139882242985,21,0.8836307954786109,18,0.07902506463914612,3,10,0.04634100459607778,21,0.8156522575559075,18,0.13800673784801476,3,10,0.041795271618474704,21,0.7145664663683983,18,0.2436382620131271,3,10,0.030612615520770946,21,0.6343555343842174,18,0.3350318500950116,3,10,0.04331643642081838,21,0.4934378730654702,18,0.4632456905137114,3,10,0.04928213059680258,21,0.48867136599934585,18,0.46204650340385145,3,10,0.049525400969380955,21,0.48805883955041657,18,0.4624157594802026,3,10,0.04314386456818332,21,0.4911165660691834,18,0.46573956936263333,3,10,0.03615151281406473,21,0.4954274195452925,18,0.4684210676406426,3,10,0.10696247255431707,18,0.4659850748591011,21,0.42705245258658175,3,10,0.10400173197499471,18,0.4885129890650107,21,0.4074852789599944,3,10,0.05743030269103821,18,0.6174502837014366,21,0.325119413607525,3,10,0.05137409186604122,18,0.8293161160676861,21,0.11930979206627272,3,10,0.3906585342730289,18,0.5689278150705249,21,0.04041365065644619,3,10,0.6208278037072162,18,0.37201487485960516,21,0.007157321433178608,3,10,0.8162145508847013,18,0.17699965216511215,21,0.00678579695018652,3,10,0.6849482980742018,18,0.29628864676112193,21,0.018763055164676187,3,10,0.5239091448150932,18,0.4458834935450711,21,0.03020736163983559,3,10,0.5204835491846854,18,0.41292528000640705,21,0.06659117080890749,3,10,0.6402656451531297,18,0.3103337252878816,21,0.049400629558988815,3,10,0.9007925849481909,18,0.07586361030944917,21,0.02334380474235992,3,10,0.9372926499969063,18,0.047889561320652314,21,0.0148177886824414,3,10,0.9707133313368091,18,0.022588965287751495,21,0.00669770337543938],\"type\":\"mesh\",\"transform\":{\"y\":56.2706,\"skX\":-163.1265,\"skY\":-163.1265,\"x\":18.2528},\"edges\":[0,1,1,2,2,3,3,4,4,5,5,6,6,7,7,8,8,9,9,10,10,11,11,12,12,13,13,14,14,15,15,16,16,17,17,18,18,19,19,20,20,21,21,22,22,23,23,24,24,25,25,26,26,27,27,28,28,29,29,30,30,31,31,32,32,33,33,34,34,35,35,36,36,37,37,38,38,39,39,40,40,41,41,42,42,43,43,44,44,45,45,46,46,47,47,48,48,49,49,0],\"triangles\":[37,38,36,36,38,35,31,32,33,31,33,34,35,31,34,30,31,35,38,30,35,14,30,38,14,16,30,39,11,38,11,14,38,10,11,40,2,5,47,47,5,46,40,11,39,49,2,47,16,29,30,46,43,45,43,44,45,5,42,43,48,49,47,5,43,46,0,2,49,16,17,29,41,10,40,1,2,0,17,28,29,12,13,14,15,16,14,12,14,11,6,10,41,17,18,28,6,41,42,5,6,42,7,8,6,2,3,5,20,27,28,18,20,28,8,9,10,6,8,10,3,4,5,20,21,27,19,20,18,21,22,27,22,26,27,23,26,22,23,24,26,24,25,26],\"height\":179,\"name\":\"2/腿\",\"userEdges\":[]}],\"name\":\"腿\"},{\"display\":[{\"width\":61,\"bonePose\":[9,-0.05431301867146776,0.9985239586523664,-0.9985239586523664,-0.05431301867146776,11.649999999999991,-272.25,17,-0.1530053627518479,0.9882253583920905,-0.9882253583920905,-0.1530053627518479,7.749999999999997,-200.54999999999998,20,0.1464459357199877,0.9892186754763062,-0.9892186754763062,0.1464459357199877,-1.9499999999999962,-137.90000000000003],\"vertices\":[1.4,-104.5,-5.9,-101.8,-8,-97.95,-11.75,-26.2,-21.35,37.05,-27.4,51.05,-26.8,69.45,-30.5,79.35,-30.5,94.25,-27.7,104.5,-14.2,104.5,-12.2,101.3,-15.2,87.5,-13.5,80.5,-7.3,97.55,5,104.5,13.05,101,15.75,93.95,21.5,91.25,23.5,82.05,29.85,76.75,30.5,63.15,22.8,59.7,16.8,59.7,12.5,55.8,11.75,46.65,8.45,42.2,14.2,-5.4,20.95,-9.7,24.8,-17.8,23.8,-26.85,20.2,-32.65,22.2,-97.65,14.45,-104.5],\"slotPose\":[1,-2.7755575615628914e-17,2.7755575615628914e-17,1,5.999999999999991,-178.44999999999996],\"path\":\"2/手\",\"uvs\":[0.52295,0,0.40328,0.01292,0.36885,0.03134,0.30738,0.37464,0.15,0.67727,0.05082,0.74426,0.06066,0.8323,0,0.87967,0,0.95096,0.0459,1,0.26721,1,0.3,0.98469,0.25082,0.91866,0.27869,0.88517,0.38033,0.96675,0.58197,1,0.71393,0.98325,0.7582,0.94952,0.85246,0.9366,0.88525,0.89258,0.98934,0.86722,1,0.80215,0.87377,0.78565,0.77541,0.78565,0.70492,0.76699,0.69262,0.72321,0.63852,0.70191,0.73279,0.47416,0.84344,0.45359,0.90656,0.41483,0.89016,0.37153,0.83115,0.34378,0.86393,0.03278,0.73689,0],\"weights\":[3,9,0.9748525441088638,17,0.01903113078215845,20,0.006116325108977714,3,9,0.9610460864264996,17,0.029593568489096146,20,0.009360345084404186,3,9,0.9565576192588279,17,0.033292242189297876,20,0.010150138551874343,3,9,0.5037106499375497,17,0.4751306360757707,20,0.02115871398667966,3,9,0.02257809998137214,17,0.49125149426022025,20,0.48617040575840764,3,9,0.035331181213319116,20,0.5173417423984168,17,0.44732707638826397,3,9,0.037671054897418565,20,0.6726734478511082,17,0.28965549725147327,3,9,0.04695860409072809,20,0.6892843662575835,17,0.26375702965168835,3,9,0.04646810722949353,20,0.7538768724367173,17,0.1996550203337892,3,9,0.04226063149822731,20,0.7982770919180792,17,0.15946227658369355,3,9,0.01914964983675858,20,0.905310027130045,17,0.07554032303319648,3,9,0.013543104418973741,20,0.930139403935977,17,0.05631749164504927,3,9,0.014353067988262948,20,0.9075982462519371,17,0.07804868575980001,3,9,0.010805697150949433,20,0.9180236202901898,17,0.07117068255886072,3,9,0.005287396294948322,20,0.9712912059285083,17,0.0234213977765434,3,9,0.010801540374845566,20,0.9484549967143994,17,0.04074346291075518,3,9,0.015577548585996368,20,0.9261818884372107,17,0.05824056297679291,3,9,0.017313081901161202,20,0.9132324174820188,17,0.06945450061681999,3,9,0.03032306708174913,20,0.8525460468377574,17,0.11713088608049355,3,9,0.0425142590536806,20,0.7792707081873091,17,0.17821503275901016,3,9,0.06541694577569855,20,0.6808375988451703,17,0.2537454553791313,3,9,0.08379183325885617,20,0.5718338291366596,17,0.3443743376044841,3,9,0.062439979703638515,20,0.5948774951303107,17,0.34268252516605074,3,9,0.04327518801621957,20,0.64905732327049,17,0.3076674887132906,3,9,0.03329543654491283,20,0.6486154799731727,17,0.3180890834819145,3,9,0.03728789346500915,20,0.5324411002331921,17,0.4302710063017988,3,9,0.029781119171772574,20,0.4993961612700796,17,0.47082271955814786,3,9,0.3065640598073375,17,0.6392007327430644,20,0.0542352074495981,3,9,0.4160089430714385,17,0.5169735333210863,20,0.06701752360747516,3,9,0.46836295794976374,17,0.4735430897121252,20,0.058093952338111106,3,9,0.4960482830473148,17,0.4616397616792556,20,0.04231195527342961,3,9,0.5691000104562645,17,0.4014197039072797,20,0.029480285636455845,3,9,0.9420086914613659,17,0.04439785136352036,20,0.013593457175113656,3,9,0.9647652926939566,17,0.02663876718290759,20,0.008595940123135765],\"type\":\"mesh\",\"transform\":{\"y\":-13.8027,\"skX\":-81.579,\"skY\":-81.579,\"x\":-38.9486},\"edges\":[0,1,1,2,2,3,3,4,4,5,5,6,6,7,7,8,8,9,9,10,10,11,11,12,12,13,13,14,14,15,15,16,16,17,17,18,18,19,19,20,20,21,21,22,22,23,23,24,24,25,25,26,26,27,27,28,28,29,29,30,30,31,31,32,32,33,33,0],\"triangles\":[2,3,31,2,31,32,23,19,20,22,23,20,21,22,20,4,26,27,0,2,32,31,27,30,30,27,29,27,28,29,3,27,31,33,0,32,23,13,19,13,17,19,17,18,19,13,14,17,24,13,23,3,4,27,15,16,17,14,15,17,6,13,24,5,6,24,25,26,24,26,5,24,1,2,0,4,5,26,12,8,11,9,10,11,8,9,11,7,12,13,6,7,13,7,8,12],\"height\":209,\"name\":\"2/手\",\"userEdges\":[]}],\"name\":\"手\"},{\"display\":[{\"width\":105,\"bonePose\":[8,-0.013238027892359727,0.9999123734695561,-0.9999123734695561,-0.013238027892359727,3.5,-168.70000000000002,15,0.32757140116974987,0.9448264269884108,-0.9448264269884108,0.32757140116974987,2.7500000000000004,-112.05000000000001,19,-0.9629404105207444,0.2697142298547486,-0.2697142298547486,-0.9629404105207444,23.5,-52.20000000000001],\"vertices\":[6.85,-81,0.15,-79.7,-6.6,-72.6,-9.35,-44.25,-10.85,-6.75,-1.55,16.4,4.35,36,-4.65,37.05,-10.5,41.4,-22.3,47.5,-31.05,49.15,-41.1,53.75,-49.4,61.2,-52.5,68.95,-52.5,77.45,-48.55,81,8.05,79.9,12.2,79.3,18.4,81,49.3,79,52.5,74.65,52.5,66.25,49.3,62.35,48.8,54.7,37.2,21.55,19.55,-12.3,19.25,-45.2,21.6,-72,17.25,-79],\"slotPose\":[0.9999999999999998,-1.6653345369377348e-16,1.6653345369377348e-16,0.9999999999999998,-1.0000000000000036,-103.95],\"path\":\"2/腿2\",\"uvs\":[0.56524,0,0.50143,0.00802,0.43714,0.05185,0.41095,0.22685,0.39667,0.45833,0.48524,0.60123,0.54143,0.72222,0.45571,0.7287,0.4,0.75556,0.28762,0.79321,0.20429,0.8034,0.10857,0.83179,0.02952,0.87778,0,0.92562,0,0.97809,0.03762,1,0.57667,0.99321,0.61619,0.98951,0.67524,1,0.96952,0.98765,1,0.9608,1,0.90895,0.96952,0.88488,0.96476,0.83765,0.85429,0.63302,0.68619,0.42407,0.68333,0.22099,0.70571,0.05556,0.66429,0.01235],\"weights\":[3,8,0.9383789085352532,15,0.047515388382739894,19,0.014105703082006956,3,8,0.9427440457736967,15,0.044468107001565844,19,0.012787847224737407,3,8,0.9482604834216363,15,0.04107196074446963,19,0.010667555833894164,3,8,0.8752286961949075,15,0.10913240051695733,19,0.01563890328813529,3,8,0.4850797793742951,15,0.4906087950872016,19,0.024311425538503347,3,8,0.18928447295763878,15,0.7365299150382206,19,0.07418561200414059,3,8,0.06203255337140473,15,0.6451493319979853,19,0.2928181146306099,3,8,0.10338034880933226,19,0.46251383172575083,15,0.4341058194649169,3,8,0.08844924061347999,19,0.638533823978777,15,0.27301693540774297,3,8,0.059337193040459035,19,0.8163075760416042,15,0.1243552309179367,3,8,0.056687874911096905,19,0.846253719450218,15,0.09705840563868513,3,8,0.03799713494133995,19,0.9046748967327916,15,0.05732796832586849,3,8,0.023580452326971098,19,0.9421844930213855,15,0.03423505465164342,3,8,0.02136664598870233,19,0.9466300687051851,15,0.032003285306112586,3,8,0.02425248304130787,19,0.9367427224741242,15,0.0390047944845679,3,8,0.021511899562040308,19,0.9410100347139523,15,0.037478065724007394,3,8,0.04230331573227045,19,0.6484766132247287,15,0.3092200710430008,3,8,0.041705718949057315,19,0.6057150766265835,15,0.35257920442435914,3,8,0.04578561590847019,19,0.5383681239452552,15,0.4158462601462746,3,8,0.06545426253230036,19,0.47128025648331817,15,0.46326548098438153,3,8,0.06600598093893566,19,0.47078066745287545,15,0.46321335160818894,3,8,0.05893172648786694,19,0.4742664893651078,15,0.4668017841470253,3,8,0.048932023959900914,19,0.4796280467755271,15,0.47143992926457196,3,8,0.04742512129801694,19,0.4792630157881231,15,0.47331186291386,3,8,0.13991335330082785,15,0.5945924239559641,19,0.265494222743208,3,8,0.5019029397298149,15,0.46795512523414384,19,0.030141935036041203,3,8,0.8596921312873604,15,0.11976822045422804,19,0.020539648258411692,3,8,0.9083606241930984,15,0.07118840515386554,19,0.020450970653036096,3,8,0.9161605199437435,15,0.06430549659716527,19,0.01953398345909127],\"type\":\"mesh\",\"transform\":{\"y\":56.4402,\"skX\":-164.3527,\"skY\":-164.3527,\"x\":9.6343},\"edges\":[0,1,1,2,2,3,3,4,4,5,5,6,6,7,7,8,8,9,9,10,10,11,11,12,12,13,13,14,14,15,15,16,16,17,17,18,18,19,19,20,20,21,21,22,22,23,23,24,24,25,25,26,26,27,27,28,28,0],\"triangles\":[22,19,20,22,20,21,24,6,23,18,19,22,23,18,22,6,18,23,6,17,18,25,5,24,5,6,24,6,8,16,6,16,17,2,3,26,4,5,25,26,3,25,3,4,25,28,0,27,0,2,27,2,26,27,1,2,0,7,8,6,8,9,16,9,15,16,10,15,9,11,15,10,13,15,12,12,15,11,13,14,15],\"height\":162,\"name\":\"2/腿2\",\"userEdges\":[]}],\"name\":\"腿2\"},{\"display\":[{\"width\":80,\"bonePose\":[7,-0.18365077085813414,0.9829915535563959,-0.9829915535563959,-0.18365077085813414,-24.17406389471445,-274.9401682793813,16,-0.1999192113038519,0.9798123845673974,-0.9798123845673974,-0.1999192113038519,-39.65367925612892,-194.25452267912843,22,-0.32184671393412845,0.9467917895344293,-0.9467917895344293,-0.32184671393412845,-49.45367925612816,-146.30452267912818],\"vertices\":[20,-100.5,12.75,-99.65,4.7,-93.45,1.5,-87.95,-3,-68.4,-9.15,-15.25,-10.45,-9.75,-5.75,-3.2,-14.75,35.05,-18.5,34.9,-40,52.2,-40,66.95,-35.25,73.15,-35.55,97.7,-21.45,99.15,-13.55,93.4,-6.55,100.5,3.65,100.5,13.45,92.35,27.25,73,26.2,63.1,13.05,56.9,13.15,43.5,5.25,38.15,12.75,1.9,16.5,-0.65,27.1,-22.3,28.05,-41.7,33.55,-60.35,35.55,-88.4,31.3,-97.35,25.9,-100.5],\"slotPose\":[1.0000000000000016,-1.63202784619898e-14,1.63202784619898e-14,1.0000000000000016,-43.05367925612881,-187.70452267912827],\"path\":\"2/手2\",\"uvs\":[0.75,0,0.65938,0.00423,0.55875,0.03507,0.51875,0.06244,0.4625,0.1597,0.38562,0.42413,0.36938,0.45149,0.42812,0.48408,0.31562,0.67438,0.26875,0.67363,0,0.7597,0,0.83308,0.05937,0.86393,0.05563,0.98607,0.23187,0.99328,0.33063,0.96468,0.41813,1,0.54563,1,0.66813,0.95945,0.84062,0.86318,0.8275,0.81393,0.66312,0.78308,0.66437,0.71642,0.56563,0.6898,0.65938,0.50945,0.70625,0.49677,0.83875,0.38905,0.85062,0.29254,0.91937,0.19975,0.94437,0.0602,0.89125,0.01567,0.82375,0],\"weights\":[3,7,0.9727876716997774,16,0.018937958913692304,22,0.00827436938653035,3,7,0.9695980409364621,16,0.02122901055714152,22,0.009172948506396484,3,7,0.9570994487765877,16,0.030370474028861002,22,0.01253007719455129,3,7,0.9413090005799101,16,0.042079574627067386,22,0.01661142479302248,3,7,0.8998935263469792,16,0.07581562747763751,22,0.024290846175383362,3,7,0.514195653571812,16,0.45296763081063557,22,0.03283671561755242,3,7,0.4653695127715439,16,0.4965222435503675,22,0.03810824367808867,3,7,0.3421743852500322,16,0.6358332432346748,22,0.02199237151529303,3,7,0.021355082267321596,16,0.5393695841826827,22,0.4392753335499956,3,7,0.036193516217498715,16,0.5021012523372637,22,0.4617052314452376,3,7,0.08033435691080328,22,0.5651546317417303,16,0.3545110113474664,3,7,0.052851035181610176,22,0.7275290643836911,16,0.21961990043469876,3,7,0.029856074606674072,22,0.8414691909691201,16,0.12867473442420585,3,7,0.02161571052760869,22,0.9110754699505625,16,0.06730881952182878,3,7,0.011726048207537016,22,0.9491314610232545,16,0.03914249076920845,3,7,0.00994015349109633,22,0.9527372850403736,16,0.037322561468530094,3,7,0.030380481169287606,22,0.8682729735294816,16,0.10134654530123066,3,7,0.05421733531117246,22,0.7713379055140945,16,0.17444475917473304,3,7,0.07912903642744319,22,0.656556898395901,16,0.2643140651766558,3,7,0.1194168049112081,22,0.48603520248493115,16,0.39454799260386075,3,7,0.1172399481110168,22,0.4603320832155127,16,0.42242796867347054,3,7,0.06328811258237217,22,0.5047377074418709,16,0.431974179975757,3,7,0.06438260529898622,16,0.47027374752003404,22,0.4653436471809799,3,7,0.028679297880700314,16,0.5426854566440841,22,0.42863524547521553,3,7,0.376830949645131,16,0.5872868305954926,22,0.035882219759376464,3,7,0.4572628263048236,16,0.4999070912696624,22,0.042830082425514,3,7,0.6363166126637831,16,0.3145166676583753,22,0.04916671967784146,3,7,0.8325394535155418,16,0.13639494508764716,22,0.031065601396811,3,7,0.8850414617599976,16,0.08720169164819898,22,0.027756846591803414,3,7,0.9513664004564096,16,0.03435595556585552,22,0.014277643977734704,3,7,0.9607575711184658,16,0.02731868290615837,22,0.011923745975375773,3,7,0.9664006648975553,16,0.023322061169746524,22,0.01027727393269818],\"type\":\"mesh\",\"transform\":{\"y\":7.265,\"skX\":-108.7746,\"skY\":-108.7746,\"x\":-41.257},\"edges\":[0,1,1,2,2,3,3,4,4,5,5,6,6,7,7,8,8,9,9,10,10,11,11,12,12,13,13,14,14,15,15,16,16,17,17,18,18,19,19,20,20,21,21,22,22,23,23,24,24,25,25,26,26,27,27,28,28,29,29,30,30,31,31,0],\"triangles\":[3,4,28,0,2,29,2,3,29,30,0,29,3,28,29,1,2,0,31,0,30,4,27,28,5,26,27,4,5,27,5,25,26,20,21,19,21,18,19,15,18,21,7,24,25,5,7,25,7,8,23,7,23,24,15,17,18,12,15,21,23,8,21,8,12,21,23,21,22,9,10,8,10,12,8,5,6,7,15,16,17,10,11,12,12,13,14,12,14,15],\"height\":201,\"name\":\"2/手2\",\"userEdges\":[]}],\"name\":\"手2\"},{\"display\":[{\"width\":174,\"bonePose\":[12,-0.5141174076414903,-0.8577198208972402,0.8577198208972402,-0.5141174076414903,-22.950000000000006,-285.4],\"vertices\":[-62.9,-94.5,-69.55,-63.45,-78,2.5,-87,67.8,-87,94.5,-70.15,94.5,-17.3,91.35,58.5,79.7,79.7,7.7,87,-21.6,87,-35.25,66.9,-50.95,35.85,-56.75,7.65,-71.55,-5.1,-73,-49.55,-94.5],\"slotPose\":[1,0,0,1,-50.500000000000036,-332.45000000000005],\"path\":\"2/头\",\"uvs\":[0.13851,0,0.10029,0.16429,0.05172,0.51323,0,0.85873,0,1,0.09684,1,0.40057,0.98333,0.83621,0.92169,0.95805,0.54074,1,0.38571,1,0.31349,0.88448,0.23042,0.70603,0.19974,0.54397,0.12143,0.47069,0.11376,0.21523,0],\"weights\":[1,12,1,1,12,1,1,12,1,1,12,1,1,12,1,1,12,1,1,12,1,1,12,1,1,12,1,1,12,1,1,12,1,1,12,1,1,12,1,1,12,1,1,12,1,1,12,1],\"type\":\"mesh\",\"transform\":{\"y\":0.559,\"skX\":120.9385,\"skY\":120.9385,\"x\":54.5197},\"edges\":[0,1,1,2,2,3,3,4,4,5,5,6,6,7,7,8,8,9,9,10,10,11,11,12,12,13,13,14,14,15,15,0],\"triangles\":[10,11,9,11,8,9,6,7,8,12,6,8,11,12,8,2,6,12,14,2,12,13,14,12,2,3,6,1,2,14,3,5,6,15,1,14,0,1,15,3,4,5],\"height\":189,\"name\":\"2/头\",\"userEdges\":[]}],\"name\":\"头\"},{\"display\":[{\"triangles\":[19,20,22,23,24,22,24,19,22,22,20,21,18,19,24,17,18,24,25,12,24,12,17,24,26,12,25,11,12,26,27,8,26,8,11,26,6,8,28,28,8,27,30,6,28,32,5,31,31,5,30,5,6,30,29,30,28,12,13,17,13,16,17,13,14,16,4,5,32,3,4,34,8,9,11,14,15,16,34,4,33,33,4,32,6,7,8,9,10,11,1,3,34,0,1,34,2,3,1],\"type\":\"mesh\",\"vertices\":[-38.35,-83,-48.3,-77.05,-57.1,-69.7,-51.6,-57.05,-53.45,-48.05,-54.15,-37.1,-56.3,-16.6,-56.7,-3.15,-51.85,4.95,-55.2,28.3,-33.85,50.05,-28.7,45.2,-27.85,46.4,-27.75,63.05,-26.85,68.25,-23.45,75.7,-17.35,79.45,3.25,81.3,29.95,79,42.45,74.65,52.2,69.2,55.85,64.85,56.75,58.35,54.15,45.4,49.85,40.4,46,25.35,41.3,4.35,32.45,-23.5,26.25,-37.8,17.45,-51.1,13.15,-54.3,10.35,-56.6,-8.35,-64.75,-15.95,-69.4,-29.8,-72.6],\"transform\":{\"y\":12.1157,\"skX\":110.7571,\"skY\":110.7571,\"x\":71.4452},\"height\":166,\"path\":\"2/身体\",\"width\":115,\"uvs\":[0.16652,0,0.08,0.03584,0.00348,0.08012,0.0513,0.15633,0.03522,0.21054,0.02913,0.27651,0.01043,0.4,0.00696,0.48102,0.04913,0.52982,0.02,0.67048,0.20565,0.80151,0.25043,0.77229,0.25783,0.77952,0.2587,0.87982,0.26652,0.91114,0.29609,0.95602,0.34913,0.97861,0.52826,0.98976,0.76043,0.9759,0.86913,0.9497,0.95391,0.91687,0.98565,0.89066,0.99348,0.85151,0.97087,0.77349,0.93348,0.74337,0.9,0.65271,0.85913,0.5262,0.78217,0.35843,0.72826,0.27229,0.65174,0.19217,0.61435,0.17289,0.59,0.15904,0.42739,0.10994,0.3613,0.08193,0.24087,0.06265],\"name\":\"2/身体\",\"edges\":[0,1,1,2,2,3,3,4,4,5,5,6,6,7,7,8,8,9,9,10,10,11,11,12,12,13,13,14,14,15,15,16,16,17,17,18,18,19,19,20,20,21,21,22,22,23,23,24,24,25,25,26,26,27,27,28,28,29,29,30,30,31,31,32,32,33,33,34,34,0],\"userEdges\":[]}],\"name\":\"身体\"}]}],\"name\":\"Armature\"}],\"name\":\"js2\",\"version\":\"5.5\",\"isGlobal\":0}"},[{"__type__":"cc.Prefab","_name":"zombie2","data":{"__id__":1}},{"__type__":"cc.Node","_name":"zombie","_children":[{"__id__":2},{"__id__":19}],"_components":[{"__type__":"cc.BoxCollider","node":{"__id__":1},"_size":{"__type__":"cc.Size","width":110,"height":150}},{"__type__":"fc82eAE0wNBqb09O2p0yZLq","node":{"__id__":1},"coinPrefab":{"__uuid__":"5cV24RX5lBr4drusmGHL/g"},"bjPrefab":{"__uuid__":"e6HD9LQlRHwIIBNbCWBzSg"},"hand":{"__id__":10}},{"__type__":"cc.AudioSource","node":{"__id__":1},"_clip":{"__uuid__":"21WV+xlVtGsoSa7vVVUtxD"}}],"_prefab":{"__type__":"cc.PrefabInfo","root":{"__id__":1},"asset":{"__uuid__":"88MUt0A5dLX4qrIgYrwfoy"},"fileId":"5aRLZT86VF4owXL/Z9+ebO"},"_contentSize":{"__type__":"cc.Size","width":268.63824775816033,"height":435.2559730591664},"_trs":{"__type__":"TypedArray","ctor":"Float64Array","array":[204.288,-219.941,0,0,0,0,1,0.8,0.8,1]},"_groupIndex":2,"groupIndex":2},{"__type__":"cc.Node","_name":"db","_parent":{"__id__":1},"_children":[{"__id__":3}],"_components":[{"__type__":"dragonBones.ArmatureDisplay","node":{"__id__":2},"_materials":[{"__uuid__":"ecpdLyjvZBwrvm+cedCcQy"}],"_armatureName":"Armature","_animationName":"zou","_preCacheMode":0,"playTimes":1,"_armatureKey":"54c97b6b-64ad-4529-ae4f-084f552411dc#7eeda534-9019-44b7-8d91-7c04e236d854","_N$dragonAsset":{"__uuid__":"54yXtrZK1FKa5PCE9VJBHc"},"_N$dragonAtlasAsset":{"__uuid__":"7e7aU0kBlEt42RfATiNthU"}}],"_prefab":{"__type__":"cc.PrefabInfo","root":{"__id__":1},"asset":{"__uuid__":"88MUt0A5dLX4qrIgYrwfoy"},"fileId":"beech79i5Ca5GCoiNyuFsd"},"_contentSize":{"__type__":"cc.Size","width":252.48051311796024,"height":449.87309076660637},"_anchorPoint":{"__type__":"cc.Vec2","x":0.5},"_trs":{"__type__":"TypedArray","ctor":"Float64Array","array":[0,-218.835,0,0,0,0,1,1,1,1]},"_groupIndex":2,"groupIndex":2},{"__type__":"cc.Node","_name":"ATTACHED_NODE_TREE","_parent":{"__id__":2},"_children":[{"__id__":4}],"_prefab":{"__type__":"cc.PrefabInfo","root":{"__id__":1},"asset":{"__uuid__":"88MUt0A5dLX4qrIgYrwfoy"},"fileId":"482yw6UJJLOYogjsPJQaqq"},"_trs":{"__type__":"TypedArray","ctor":"Float64Array","array":[0,0,0,0,0,0,1,1,1,1]},"_groupIndex":2,"groupIndex":2},{"__type__":"cc.Node","_name":"ATTACHED_NODE:root","_parent":{"__id__":3},"_children":[{"__id__":5},{"__id__":15},{"__id__":16},{"__id__":17},{"__id__":18}],"_prefab":{"__type__":"cc.PrefabInfo","root":{"__id__":1},"asset":{"__uuid__":"88MUt0A5dLX4qrIgYrwfoy"},"fileId":"5bWwY9IOZG3KgTlBpQgHEG"},"_trs":{"__type__":"TypedArray","ctor":"Float64Array","array":[0,0,0,0,0,0,1,1,1,1]},"_groupIndex":2,"groupIndex":2},{"__type__":"cc.Node","_name":"ATTACHED_NODE:身体","_parent":{"__id__":4},"_children":[{"__type__":"cc.Node","_name":"ATTACHED_NODE:头","_parent":{"__id__":5},"_prefab":{"__type__":"cc.PrefabInfo","root":{"__id__":1},"asset":{"__uuid__":"88MUt0A5dLX4qrIgYrwfoy"},"fileId":"dcy9PC82ZFz72x7522e8KN"},"_trs":{"__type__":"TypedArray","ctor":"Float64Array","array":[0,0,0,0,0,0,1,1,1,1]},"_groupIndex":2,"groupIndex":2},{"__id__":6},{"__id__":8},{"__id__":11},{"__id__":13}],"_prefab":{"__type__":"cc.PrefabInfo","root":{"__id__":1},"asset":{"__uuid__":"88MUt0A5dLX4qrIgYrwfoy"},"fileId":"aahESU/gJIjqBfQlAFaMZZ"},"_trs":{"__type__":"TypedArray","ctor":"Float64Array","array":[0,0,0,0,0,0,1,1,1,1]},"_groupIndex":2,"groupIndex":2},{"__type__":"cc.Node","_name":"ATTACHED_NODE:腿","_parent":{"__id__":5},"_children":[{"__id__":7}],"_prefab":{"__type__":"cc.PrefabInfo","root":{"__id__":1},"asset":{"__uuid__":"88MUt0A5dLX4qrIgYrwfoy"},"fileId":"a3pNsWUKRGTKY2kN8/p/a9"},"_trs":{"__type__":"TypedArray","ctor":"Float64Array","array":[0,0,0,0,0,0,1,1,1,1]},"_groupIndex":2,"groupIndex":2},{"__type__":"cc.Node","_name":"ATTACHED_NODE:腿2","_parent":{"__id__":6},"_children":[{"__type__":"cc.Node","_name":"ATTACHED_NODE:腿3","_parent":{"__id__":7},"_prefab":{"__type__":"cc.PrefabInfo","root":{"__id__":1},"asset":{"__uuid__":"88MUt0A5dLX4qrIgYrwfoy"},"fileId":"2ajZxP1ndMzY4hV9VmuNoj"},"_trs":{"__type__":"TypedArray","ctor":"Float64Array","array":[0,0,0,0,0,0,1,1,1,1]},"_groupIndex":2,"groupIndex":2}],"_prefab":{"__type__":"cc.PrefabInfo","root":{"__id__":1},"asset":{"__uuid__":"88MUt0A5dLX4qrIgYrwfoy"},"fileId":"ddSsvOSVRBg68E8YtJjbiO"},"_trs":{"__type__":"TypedArray","ctor":"Float64Array","array":[0,0,0,0,0,0,1,1,1,1]},"_groupIndex":2,"groupIndex":2},{"__type__":"cc.Node","_name":"ATTACHED_NODE:图层_1","_parent":{"__id__":5},"_children":[{"__id__":9}],"_prefab":{"__type__":"cc.PrefabInfo","root":{"__id__":1},"asset":{"__uuid__":"88MUt0A5dLX4qrIgYrwfoy"},"fileId":"f5ly+APEFAPKQu+JvmdnE2"},"_trs":{"__type__":"TypedArray","ctor":"Float64Array","array":[0,0,0,0,0,0,1,1,1,1]},"_groupIndex":2,"groupIndex":2},{"__type__":"cc.Node","_name":"ATTACHED_NODE:图层_11","_parent":{"__id__":8},"_children":[{"__id__":10}],"_prefab":{"__type__":"cc.PrefabInfo","root":{"__id__":1},"asset":{"__uuid__":"88MUt0A5dLX4qrIgYrwfoy"},"fileId":"0c3ZvN3x9JU485RM/E/IUl"},"_trs":{"__type__":"TypedArray","ctor":"Float64Array","array":[0,0,0,0,0,0,1,1,1,1]},"_groupIndex":2,"groupIndex":2},{"__type__":"cc.Node","_name":"ATTACHED_NODE:图层_12","_parent":{"__id__":9},"_components":[{"__type__":"cc.CircleCollider","node":{"__id__":10},"_offset":{"__type__":"cc.Vec2","x":13.5,"y":2.6},"_radius":10}],"_prefab":{"__type__":"cc.PrefabInfo","root":{"__id__":1},"asset":{"__uuid__":"88MUt0A5dLX4qrIgYrwfoy"},"fileId":"a4fsU3VmhGDJUspHzzYdK9"},"_trs":{"__type__":"TypedArray","ctor":"Float64Array","array":[0,0,0,0,0,0,1,1,1,1]},"_groupIndex":5,"groupIndex":5},{"__type__":"cc.Node","_name":"ATTACHED_NODE:手","_parent":{"__id__":5},"_children":[{"__id__":12}],"_prefab":{"__type__":"cc.PrefabInfo","root":{"__id__":1},"asset":{"__uuid__":"88MUt0A5dLX4qrIgYrwfoy"},"fileId":"3eUVValRlI4aXp9aLPC+1d"},"_trs":{"__type__":"TypedArray","ctor":"Float64Array","array":[0,0,0,0,0,0,1,1,1,1]},"_groupIndex":2,"groupIndex":2},{"__type__":"cc.Node","_name":"ATTACHED_NODE:手1","_parent":{"__id__":11},"_children":[{"__type__":"cc.Node","_name":"ATTACHED_NODE:手2","_parent":{"__id__":12},"_prefab":{"__type__":"cc.PrefabInfo","root":{"__id__":1},"asset":{"__uuid__":"88MUt0A5dLX4qrIgYrwfoy"},"fileId":"0aDzFqC79C4qVh1s7PKb8q"},"_trs":{"__type__":"TypedArray","ctor":"Float64Array","array":[0,0,0,0,0,0,1,1,1,1]},"_groupIndex":2,"groupIndex":2}],"_prefab":{"__type__":"cc.PrefabInfo","root":{"__id__":1},"asset":{"__uuid__":"88MUt0A5dLX4qrIgYrwfoy"},"fileId":"e4ukoLSE9BqIU3dKRDh4dx"},"_trs":{"__type__":"TypedArray","ctor":"Float64Array","array":[0,0,0,0,0,0,1,1,1,1]},"_groupIndex":2,"groupIndex":2},{"__type__":"cc.Node","_name":"ATTACHED_NODE:腿1","_parent":{"__id__":5},"_children":[{"__id__":14}],"_prefab":{"__type__":"cc.PrefabInfo","root":{"__id__":1},"asset":{"__uuid__":"88MUt0A5dLX4qrIgYrwfoy"},"fileId":"48HzFFloZKdYS9Y2KHBAV5"},"_trs":{"__type__":"TypedArray","ctor":"Float64Array","array":[0,0,0,0,0,0,1,1,1,1]},"_groupIndex":2,"groupIndex":2},{"__type__":"cc.Node","_name":"ATTACHED_NODE:腿11","_parent":{"__id__":13},"_children":[{"__type__":"cc.Node","_name":"ATTACHED_NODE:腿12","_parent":{"__id__":14},"_prefab":{"__type__":"cc.PrefabInfo","root":{"__id__":1},"asset":{"__uuid__":"88MUt0A5dLX4qrIgYrwfoy"},"fileId":"b8n+OyP69La4EsfgZ+JCMa"},"_trs":{"__type__":"TypedArray","ctor":"Float64Array","array":[0,0,0,0,0,0,1,1,1,1]},"_groupIndex":2,"groupIndex":2}],"_prefab":{"__type__":"cc.PrefabInfo","root":{"__id__":1},"asset":{"__uuid__":"88MUt0A5dLX4qrIgYrwfoy"},"fileId":"44Sw/XwN5FWqijiDEsfinG"},"_trs":{"__type__":"TypedArray","ctor":"Float64Array","array":[0,0,0,0,0,0,1,1,1,1]},"_groupIndex":2,"groupIndex":2},{"__type__":"cc.Node","_name":"ATTACHED_NODE:bone_ikTarget3","_parent":{"__id__":4},"_children":[{"__type__":"cc.Node","_name":"ATTACHED_NODE:bone_ikTarget2","_parent":{"__id__":15},"_prefab":{"__type__":"cc.PrefabInfo","root":{"__id__":1},"asset":{"__uuid__":"88MUt0A5dLX4qrIgYrwfoy"},"fileId":"c4jrkkP9pG4I4IoPcYAtKl"},"_trs":{"__type__":"TypedArray","ctor":"Float64Array","array":[0,0,0,0,0,0,1,1,1,1]},"_groupIndex":2,"groupIndex":2}],"_prefab":{"__type__":"cc.PrefabInfo","root":{"__id__":1},"asset":{"__uuid__":"88MUt0A5dLX4qrIgYrwfoy"},"fileId":"casofQ5XFMoanQAYWbtNmk"},"_trs":{"__type__":"TypedArray","ctor":"Float64Array","array":[0,0,0,0,0,0,1,1,1,1]},"_groupIndex":2,"groupIndex":2},{"__type__":"cc.Node","_name":"ATTACHED_NODE:bone_ikTarget1","_parent":{"__id__":4},"_children":[{"__type__":"cc.Node","_name":"ATTACHED_NODE:bone_ikTarget","_parent":{"__id__":16},"_prefab":{"__type__":"cc.PrefabInfo","root":{"__id__":1},"asset":{"__uuid__":"88MUt0A5dLX4qrIgYrwfoy"},"fileId":"4fjsyGgrFOmqNazYr7DVvt"},"_trs":{"__type__":"TypedArray","ctor":"Float64Array","array":[0,0,0,0,0,0,1,1,1,1]},"_groupIndex":2,"groupIndex":2}],"_prefab":{"__type__":"cc.PrefabInfo","root":{"__id__":1},"asset":{"__uuid__":"88MUt0A5dLX4qrIgYrwfoy"},"fileId":"d69esZriZAaJOknaqSZs4Z"},"_trs":{"__type__":"TypedArray","ctor":"Float64Array","array":[0,0,0,0,0,0,1,1,1,1]},"_groupIndex":2,"groupIndex":2},{"__type__":"cc.Node","_name":"ATTACHED_NODE:bone_ikTarget5","_parent":{"__id__":4},"_children":[{"__type__":"cc.Node","_name":"ATTACHED_NODE:bone_ikTarget4","_parent":{"__id__":17},"_prefab":{"__type__":"cc.PrefabInfo","root":{"__id__":1},"asset":{"__uuid__":"88MUt0A5dLX4qrIgYrwfoy"},"fileId":"87HrCauQBIibZHv0q94sqF"},"_trs":{"__type__":"TypedArray","ctor":"Float64Array","array":[0,0,0,0,0,0,1,1,1,1]},"_groupIndex":2,"groupIndex":2}],"_prefab":{"__type__":"cc.PrefabInfo","root":{"__id__":1},"asset":{"__uuid__":"88MUt0A5dLX4qrIgYrwfoy"},"fileId":"39Ou7dQFpAIJEu8WllSV6T"},"_trs":{"__type__":"TypedArray","ctor":"Float64Array","array":[0,0,0,0,0,0,1,1,1,1]},"_groupIndex":2,"groupIndex":2},{"__type__":"cc.Node","_name":"ATTACHED_NODE:bone_ikTarget7","_parent":{"__id__":4},"_children":[{"__type__":"cc.Node","_name":"ATTACHED_NODE:bone_ikTarget6","_parent":{"__id__":18},"_prefab":{"__type__":"cc.PrefabInfo","root":{"__id__":1},"asset":{"__uuid__":"88MUt0A5dLX4qrIgYrwfoy"},"fileId":"528rrOp3ZJYqPxUxr9PAXA"},"_trs":{"__type__":"TypedArray","ctor":"Float64Array","array":[0,0,0,0,0,0,1,1,1,1]},"_groupIndex":2,"groupIndex":2}],"_prefab":{"__type__":"cc.PrefabInfo","root":{"__id__":1},"asset":{"__uuid__":"88MUt0A5dLX4qrIgYrwfoy"},"fileId":"0e/XEFq5dNQJq/oxIxZunX"},"_trs":{"__type__":"TypedArray","ctor":"Float64Array","array":[0,0,0,0,0,0,1,1,1,1]},"_groupIndex":2,"groupIndex":2},{"__type__":"cc.Node","_name":"hp","_parent":{"__id__":1},"_children":[{"__id__":20}],"_components":[{"__type__":"cc.Sprite","node":{"__id__":19},"_materials":[{"__uuid__":"ecpdLyjvZBwrvm+cedCcQy"}],"_spriteFrame":{"__uuid__":"b38OS34BVAkobdVeojiRLO"}}],"_prefab":{"__type__":"cc.PrefabInfo","root":{"__id__":1},"asset":{"__uuid__":"88MUt0A5dLX4qrIgYrwfoy"},"fileId":"d0GZxmbHZPBJjXQ3lN0JS1"},"_opacity":0,"_contentSize":{"__type__":"cc.Size","width":122,"height":22},"_trs":{"__type__":"TypedArray","ctor":"Float64Array","array":[0,235,0,0,0,0,1,1,1,1]},"_groupIndex":2,"groupIndex":2},{"__type__":"cc.Node","_name":"h","_parent":{"__id__":19},"_components":[{"__type__":"cc.Sprite","node":{"__id__":20},"_materials":[{"__uuid__":"ecpdLyjvZBwrvm+cedCcQy"}],"_spriteFrame":{"__uuid__":"f9TQk6y7dFNLoI9fqCfxYY"},"_type":3,"_fillRange":1}],"_prefab":{"__type__":"cc.PrefabInfo","root":{"__id__":1},"asset":{"__uuid__":"88MUt0A5dLX4qrIgYrwfoy"},"fileId":"5bu3OqkHtMrYqUth12+rI5"},"_contentSize":{"__type__":"cc.Size","width":118,"height":19},"_trs":{"__type__":"TypedArray","ctor":"Float64Array","array":[0,0,0,0,0,0,1,1,1,1]},"_groupIndex":2,"groupIndex":2}]]