{"__type__":"dragonBones.DragonBonesAtlasAsset","_name":"df_tex","_atlasJson":"{\"SubTexture\":[{\"width\":97,\"y\":1,\"height\":196,\"name\":\"df/脚2\",\"x\":261},{\"width\":89,\"y\":1,\"height\":191,\"name\":\"df/脚\",\"x\":360},{\"width\":176,\"y\":1,\"height\":194,\"name\":\"df/身体\",\"x\":1},{\"width\":117,\"y\":194,\"height\":111,\"name\":\"df/头\",\"x\":360},{\"width\":258,\"y\":197,\"height\":118,\"name\":\"df/图层_2\",\"x\":1}],\"width\":512,\"height\":512,\"name\":\"df\",\"imagePath\":\"df_tex.png\"}","_texture":{"__uuid__":"42eIgrsIxGd51LsJpU8VJU"},"texture":{"__uuid__":"42eIgrsIxGd51LsJpU8VJU"}}